amonday,atuesday,awednesday,athursday,afriday,asaturday,asunday,smonday,stuesday,swednesday,sthursday,sfriday,ssaturday,ssunday,class
13174.25,11491.4063,12256.0625,12084.7917,14598.5625,11722.5,12259.875,8661.5869,6834.0818,8806.1829,7058.0024,9943.6595,8311.6177,7673.96,5
11443.1979,10494.7813,12879.625,12745.4167,14462.0,11465.0104,11984.25,7387.6965,7403.1546,8407.7049,8115.7168,8979.1833,7146.6015,6724.0326,5
10833.3021,9889.5417,9066.675,8749.6083,9623.5938,10111.2188,9995.9583,5970.7869,6048.6139,6425.9035,6137.4787,5810.6454,5484.8264,8984.3998,5
10795.7083,10400.3958,9997.75,9138.4792,8669.3333,9669.4417,9469.9792,5941.9478,6896.8639,5426.6012,5274.1732,4682.2368,5247.6096,6610.7238,5
11824.6167,9934.2188,11138.9833,11654.9063,9713.9583,8740.2604,8932.1917,6658.8271,5840.7501,6321.9642,8303.069,6350.9148,7052.3165,5715.292,5
9401.2917,9869.45,8317.425,10328.9479,10678.0313,12028.7813,10949.8021,6487.9208,6381.675,5548.7373,6830.8205,7017.9704,7188.3696,6163.8492,5
11081.1979,11000.4583,10352.5521,8800.3583,10320.1833,8682.2,10093.125,7212.4537,6304.6314,5717.8551,5597.5188,6986.186,5222.2826,6569.7313,5
11535.8833,10067.7333,9931.2813,10362.3125,10227.875,9593.6146,10397.6583,8218.5288,6826.4483,6342.0015,7350.9587,6842.5512,6273.738,7025.7017,5
10989.625,9691.8542,10042.0,8476.8917,11853.8125,8737.5104,9797.4063,8117.6035,6238.5338,8488.8093,5563.1388,7442.3175,6535.1193,6109.1485,5
9580.8958,9086.2396,9279.625,8626.9792,10862.9833,9843.675,10204.1167,7379.1336,7118.2078,6867.4183,7154.4785,7483.0171,7399.0453,7675.6076,5
11134.8083,11395.15,10124.6771,10830.3854,11990.9271,8365.5729,10575.6875,8421.0427,8043.8536,7751.5239,6974.7467,9002.4477,6073.8875,8532.4418,5
10887.6771,10076.3021,11711.3583,12534.4333,13199.1083,10446.9375,11028.8333,7900.0397,7096.9638,8573.7022,7900.1526,8892.8637,6880.289,7396.7824,5
4160.775,4285.75,4077.1667,4014.1458,4188.75,3798.8333,3840.7667,4745.1453,4268.8812,4341.9794,3885.2088,4571.2745,3537.3083,3422.508,2
5104.9167,4531.6042,4062.8125,5360.8229,4676.0625,4363.6771,4684.0938,6288.4588,6925.4241,5292.9954,5551.8758,4624.3123,3723.4759,4988.4111,2
4052.1042,3941.075,4301.1417,4090.2333,4049.8438,3852.7083,3245.1146,4654.3428,4118.8979,5165.0905,4292.0702,5358.6821,3475.7928,2308.1593,2
3780.6146,3373.5521,3645.5729,3288.5104,4644.8333,3440.4167,3480.7917,3726.1295,3474.9334,3741.3494,3250.6311,4926.2892,3367.7724,3279.0241,2
3281.425,2940.8542,2996.9417,3156.1979,3037.8958,2770.2708,2791.5,3982.7665,3049.2927,3588.4854,3641.2643,2846.3378,2147.1747,1970.1302,2
3031.0521,2525.7667,2832.9667,2864.6042,2941.7813,2252.5521,2336.3438,3418.7574,2283.1546,3214.1896,3038.1059,3414.2698,1187.3889,1394.4205,2
2967.6458,2710.4063,3020.0729,3086.1833,3007.9917,2774.5333,2450.5313,3360.752,2739.1639,3653.1882,3491.9736,3816.5847,2199.0369,1774.1323,2
3841.95,3612.4833,3073.2813,2872.4167,3997.5208,2978.0938,3035.3167,4906.5135,4426.5815,3899.198,3276.7351,4810.2782,2566.0069,3029.6019,2
3638.3438,3227.1979,2845.6417,3112.925,4451.3333,2938.7292,3370.0208,4826.6412,4012.8353,3422.8511,3636.132,5414.2332,2955.7299,3368.3947,2
3561.9167,2923.9063,3460.0104,3346.7917,3673.625,2949.35,2922.425,5513.9238,3400.6997,4650.699,3772.6568,4462.7317,2609.8254,2883.1531,2
5009.2667,4151.2583,4181.2604,4558.8542,4201.9583,3409.8542,3166.0104,6056.2427,4704.8735,4756.1319,4720.4622,5030.6128,2848.1797,2230.7938,2
5050.0833,4531.6042,4049.85,4934.95,4416.8333,4565.4792,5035.3438,6252.8291,6925.4241,5052.8309,5135.2567,4283.3325,4217.6192,5362.19,2
7360.4667,6647.3958,4938.6458,7676.2083,4964.3542,4812.125,7649.3417,7532.0414,6891.2535,4670.5976,8535.6862,4044.6196,4320.7307,10956.2685,2
6558.3958,5842.5,4682.0104,5199.8333,5133.2708,5279.8333,7781.4375,6023.5443,5576.5742,5119.5441,4377.4308,4626.4724,5121.8913,10039.3902,2
5404.3229,6144.1,3989.625,4710.45,3911.1771,5708.5104,6674.375,4809.4436,5794.0436,2758.9182,4532.0525,2659.7019,6685.1485,9486.5295,2
5633.5313,4355.8958,3788.9479,3747.8438,3554.4167,4421.7417,6567.2813,5177.5668,4595.9925,3205.5636,3342.352,2679.36,3924.6855,7474.2544,2
4219.6167,6427.1979,4481.1563,4889.8083,3885.1875,4272.4792,3452.5417,4008.4232,7619.2412,4302.9726,5044.6936,3652.8924,3692.9387,1651.5641,2
3210.75,6248.5917,5612.2583,5125.0521,4164.4167,3749.3333,3684.2188,1887.0814,8609.5141,5222.1031,5441.9495,3957.9145,3474.406,2858.7188,2
7251.3854,12576.9583,11519.1771,10319.65,7586.4333,7562.6917,7630.2396,4536.2415,10173.4382,5595.9741,7636.9409,6252.2028,5958.0466,4430.4313,2
6794.0917,6535.8083,6015.5,6421.7292,5798.7813,6726.2188,7279.3167,6208.3791,7534.9604,5539.0599,5525.5642,5568.6527,8212.0305,5999.0371,2
5286.3333,5254.0833,4190.9583,3600.6333,3252.25,3386.625,5775.7604,5202.7841,5136.4159,4459.4482,3214.3593,2268.8879,2879.0292,7728.3728,2
8202.0313,8270.6667,6888.0208,5275.7708,5224.025,6054.1667,10232.225,5652.2208,7377.5415,6521.9487,4036.6853,3190.7893,4474.9777,9805.5221,2
11585.45,13771.3667,10184.375,11657.7083,10338.1354,8752.1667,12061.6979,9043.0037,9184.796,5289.6231,7280.7624,6036.0582,8224.2907,11310.8501,2
17865.9896,12532.6354,10197.8917,9157.7,11034.0583,18010.5625,16327.9583,9458.6266,8337.2833,8398.643,6941.7793,5438.9726,12721.336,10972.9114,2
6213.975,7858.8854,7701.75,7205.0104,8081.625,8035.575,7561.3833,8614.9216,9136.5004,9509.9314,8626.7552,9622.5102,10595.7568,9033.7273,4
11901.9688,7275.6667,7150.8646,5804.2188,10405.9688,12743.2396,14062.1354,8782.1266,8402.6266,7984.8816,6416.0573,7663.0823,8696.8966,10103.8637,4
8255.1042,10183.9917,8376.6583,9354.9917,10145.6771,10421.9688,12895.1563,6900.2423,8531.6973,6580.8806,7137.4279,6767.3549,8232.681,9750.4894,4
2382.4271,0.0,0.0,0.0,1754.325,2011.8167,3260.8958,6898.5033,0.0,0.0,0.0,4050.16,5013.4807,7434.3658,4
3346.95,11031.5625,6873.1667,5973.6667,18899.9583,11237.4792,3889.9167,3261.3609,25043.9519,11323.5384,10249.0581,28677.9219,13554.1414,4234.1735,4
13477.6667,9319.75,10097.2583,9612.2083,15794.5521,15501.5833,15941.75,10194.6942,5890.4103,4967.3168,5116.5448,19296.1141,14603.6016,11968.8701,4
7036.2396,17852.2083,9359.9792,13522.45,8223.3583,13253.975,9788.5833,5871.4104,26963.0478,8636.6728,14173.227,4052.3104,21664.6215,10172.4777,4
11218.1167,11875.5917,8394.5417,17108.5104,9524.7083,9569.9063,10924.6833,5695.6883,7276.9247,4111.2165,10251.7016,4978.6491,3690.4425,11150.9486,4
6327.6979,7224.3958,16126.9667,10008.4917,10882.0,5054.3958,6063.3646,5347.9949,5599.5198,23010.0047,15414.8853,11457.8599,1434.6092,4920.6637,4
0.0,0.0,0.0,0.0,718.7667,0.0,0.0,0.0,0.0,0.0,0.0,1859.3274,0.0,0.0,4
2521.25,3919.6917,2371.8021,2382.5729,2637.6146,4666.9896,3147.1146,6216.6693,7362.1024,6042.0187,5645.0236,6203.601,10605.9079,7026.6192,4
11629.0208,9365.2917,7851.4417,8971.55,13228.1667,10783.125,14385.0521,8835.6923,9133.1158,7927.8554,8962.7559,9379.1599,7206.8855,10854.2183,4
10202.5667,11541.5833,10342.1042,5924.4271,7014.4479,8902.2667,10164.6667,3816.8216,4344.3638,3911.4143,2290.6345,3163.5335,2988.5254,3062.5669,1
7279.2813,8394.3333,7142.8333,5195.9896,6710.5625,6627.9583,6752.6771,4714.171,4605.4835,3076.5,2043.4002,4012.0336,2875.3833,4219.0872,1
4814.7708,5510.6583,4886.0917,5320.9917,6089.3854,6377.0625,5696.75,3307.2364,3913.9916,2996.6532,3870.4082,3953.8902,3813.9848,3112.2293,1
2033.7188,2383.7708,1900.1771,2002.2083,1977.1917,2471.75,2343.6042,1553.3794,2609.9519,1491.8068,2214.0263,1277.6945,1982.6292,2400.0251,1
2061.525,1864.8,2086.3021,2080.3229,1783.1771,2296.875,2138.875,2200.9729,1304.9427,1420.8993,1377.4098,1297.3475,1592.7578,1767.7457,1
2338.8333,2038.1354,1981.1167,2101.0833,2110.6354,2330.3646,2266.8438,1821.3516,1447.3047,1310.4345,1401.2851,1486.4865,1465.2915,1628.2444,1
2286.5313,2100.8646,1978.125,2374.2083,2431.5417,2325.0917,2309.3542,1521.5591,1455.5685,1518.5888,1797.0965,1575.3485,1450.8252,1401.9401,1
2270.85,2204.8167,2208.3333,2309.9688,2275.2917,2424.6354,2442.3917,1415.3854,1394.3065,1314.1463,1594.5491,1339.6363,1552.4638,1586.9833,1
2644.3646,3203.625,3007.9333,2784.325,2440.0521,2587.0417,2882.1667,1554.9176,2934.615,2242.0927,2091.3487,1376.3755,1377.6708,1979.0468,1
4488.1875,4335.2396,4285.6667,4664.875,5031.075,4867.95,4845.2,2489.1857,2249.3747,2187.3527,2272.8715,2463.3842,2136.6356,2607.8832,1
7665.7583,7007.1583,5780.6146,5943.0208,6580.0417,7189.9792,8076.6354,4186.2157,3345.6513,1731.8896,1982.034,3333.213,3177.0638,4142.1646,1
11865.0833,9886.6354,10936.9083,10270.875,11330.0667,13857.2604,13210.4896,4127.0082,5768.1969,3793.8369,3854.677,3758.5274,5578.2028,4042.5466,1
2078.725,1268.5,1288.4167,1151.6979,1227.2188,1248.2833,1333.1833,2554.8527,760.0007,888.6725,804.2173,846.2993,771.2754,894.5131,1
1886.6354,1354.4271,1311.8021,1096.4896,1156.8854,1186.3021,1214.8125,1814.1994,915.7285,890.2837,727.1673,810.4415,810.0438,1051.3243,1
1943.1771,1147.0833,1324.6583,1181.2333,1055.9375,1153.0833,1107.0521,2136.6133,807.2807,1135.1935,894.0252,731.6363,781.291,827.6766,1
2012.4583,1000.1563,1211.1146,1047.1563,1140.0917,1125.1667,1069.4271,1992.1606,631.2904,1334.7866,757.1141,785.3956,688.8253,721.6587,1
1385.7,1093.0833,999.575,995.0625,1053.1979,1119.6771,1056.825,981.0744,763.1452,669.3844,644.9291,728.7492,673.0161,676.9559,1
884.7083,1526.2083,1063.3,946.4688,974.0208,949.0938,868.0417,466.7391,1820.1606,764.155,513.8758,533.0423,503.7247,486.6599,1
1016.5417,1979.9271,1089.9375,1072.7333,939.3833,991.875,1048.3854,692.3249,2443.8932,773.0888,728.0423,636.6925,702.6431,729.8389,1
1281.725,1566.1667,1047.5729,1089.7292,1090.2813,1066.5938,1067.85,1206.0467,1938.0879,732.8977,804.3784,710.9227,655.4326,677.7895,1
1673.375,1108.9688,991.0167,1001.7667,961.9375,911.0833,897.6354,1885.3678,761.9408,597.3186,570.5768,528.4879,489.4465,490.1296,1
1971.5833,1199.7083,1058.0833,1093.5521,974.4,1120.4917,1067.6,2120.1163,962.9038,772.959,877.3643,710.9682,774.6738,763.5944,1
1870.9,1280.7583,1349.4271,1244.1354,1195.4583,1182.5521,1315.9896,1922.2291,1027.2871,940.6993,861.0241,885.3761,798.0945,860.3112,1
1639.2396,1054.4063,1511.775,1486.7917,1305.9833,1403.7188,1262.7292,1996.5051,1068.3212,1486.3862,1567.0131,1011.4602,901.7944,858.7034,1
11396.6167,11789.3958,9170.8229,11049.7083,13412.2813,11769.9167,10692.95,7265.0754,10531.0068,6115.522,7732.3579,9034.7112,8524.9875,7718.5111,2
8951.0104,9797.7396,8585.1354,9622.8958,9342.3229,8433.6667,8702.7188,5452.3575,7711.8772,5554.9446,7768.6979,6649.7141,5530.5207,5385.0264,2
8289.1771,7406.1083,8191.0833,8378.5,8321.75,9460.8646,7973.2292,5204.1889,4519.8616,6276.9387,4428.5688,5624.1946,6407.2925,4572.8343,2
7402.6667,7061.6146,7895.9583,6480.6979,7043.2833,7090.875,7002.7083,4306.6179,3450.559,4416.4307,2918.9202,4549.6425,3279.622,3975.9463,2
7589.375,7861.25,7653.6042,7201.7083,7002.7708,7626.0833,7337.7083,2972.8824,3036.6715,3091.2885,2890.8127,2283.0739,2882.4388,2645.1865,2
7540.8958,6886.6083,7125.8917,6288.6875,7333.7396,6220.4271,6445.6146,2893.6887,3562.8211,2780.5291,2111.0465,3451.9679,2282.4746,2270.017,2
7605.6667,7019.4792,7002.2708,7006.0167,6562.7333,6810.825,7128.7813,3559.5123,2922.9628,2536.4223,3216.1457,2634.8051,2733.0054,2827.4201,2
7682.55,7937.7833,7287.0208,7663.625,9243.2813,7812.1042,7851.95,3793.9682,4469.5977,3449.476,3659.4692,5280.4871,3461.0289,5065.9029,2
9293.8125,8032.2083,8534.525,7910.725,7965.3542,7796.875,8374.9688,6396.9128,5013.5949,6065.1467,4646.5468,4391.884,5461.3302,4827.8053,2
8883.1042,7499.625,8318.1146,8293.9896,8900.5083,9161.4417,8186.3083,6880.3102,5291.9985,6084.5052,5015.8494,5719.122,6372.1603,6949.6488,2
10806.2667,10766.6,11282.9583,10768.9271,11561.6667,12154.8125,10162.4167,8155.0375,7997.7027,8167.6013,7353.2186,8729.662,7856.8405,5798.9512,2
13404.9479,11908.2813,13209.0833,12921.2083,14613.5583,11899.1979,9972.9583,10830.6531,8546.4122,9675.7231,10941.0513,11504.6467,7763.1137,6086.7307,2
14929.3083,13847.1354,14777.7292,13364.4583,13356.9583,16927.1667,16545.9917,6461.8835,7050.2097,7170.281,6792.5129,5064.9445,10391.9808,9661.1159,4
6986.0625,7958.6146,10028.6042,7197.8854,6360.4896,12880.5417,12157.8646,5296.814,5505.5979,7872.4752,3989.7051,3700.3345,10245.8465,11098.5494,4
6954.2813,7590.85,6720.6917,6315.1917,6692.3542,7388.6458,10182.7292,4302.9676,5885.9947,6040.1923,4946.0435,5540.9736,4947.5774,8657.8919,4
5765.6563,6257.4375,6573.5625,5117.8333,5801.7167,6831.3917,7610.0625,3368.9182,5839.1416,5934.8599,3829.067,3449.4354,4858.2573,7080.1726,4
7422.875,6202.2667,7327.3333,5989.3646,5113.6042,7530.4479,10566.4917,6320.1563,4646.9454,6875.371,3729.0784,3264.7283,5342.4137,8478.3417,4
6594.2708,6801.2708,5665.6875,5836.5417,6324.1563,5209.6458,5763.8646,6771.0523,5328.9968,4221.9384,5096.8008,4944.9773,4457.6122,4832.0134,4
6283.1042,5045.4167,5619.0104,5190.7917,5053.875,6282.425,7326.4167,4312.6162,3835.5344,4296.2559,3881.8681,3902.6039,5348.1074,6381.0207,4
6982.0917,6262.3667,5453.875,6029.2604,7468.2708,7988.4271,7908.2917,5813.7045,5634.3133,5246.4908,4867.2196,5670.5925,6633.1832,6468.0136,4
9100.3438,6331.4479,6027.925,7804.0583,8368.2813,7725.7708,9570.625,7222.2651,3845.1129,4446.4757,5445.3225,5967.3707,6236.7514,8352.973,4
7933.375,6047.3646,6732.5313,6919.875,6734.425,8631.3417,12052.9167,5650.61,4851.8335,5667.461,6489.4166,4958.9027,7633.3527,10153.153,4
10683.1917,9865.475,7554.3542,8555.8125,7019.0521,8073.5417,11132.4271,7631.3139,8209.1709,7454.3332,8385.1252,6351.9597,7619.2721,8929.8596,4
16282.25,18244.8542,20801.6083,18059.925,16961.9667,17060.5208,21495.0313,5956.7603,5965.8013,10158.5854,6169.1809,8621.0039,8353.8358,10640.0702,4
6833.0583,7842.7813,6457.9688,6287.875,6671.3125,5833.35,6932.0167,4154.2565,3929.804,4568.4915,4314.224,5019.7801,4526.2321,5690.399,2
8397.3229,8744.4063,8621.6771,8708.8333,9172.9167,9116.5938,9579.1875,3303.9573,3799.0346,3322.0529,3438.5228,3993.5552,3471.9151,4990.0169,2
7418.8021,8122.2583,7874.0667,7164.3917,8301.1354,7352.75,8587.4792,3238.6922,3170.6811,3244.1798,3129.9102,3906.2247,3225.7636,4224.7282,2
7157.4896,7373.0521,7483.2604,6701.5938,7815.875,7042.2667,8733.5313,2875.9426,2685.4974,2840.7633,3136.3227,3713.1017,2453.9234,4719.6468,2
7117.325,7149.3854,7180.2917,7322.9479,7414.5208,6958.2917,8370.475,2317.4911,2728.8037,3195.7239,3057.1135,3356.9404,2532.927,4142.4653,2
8231.7396,7633.3833,7408.2583,8436.8333,7450.375,7561.7396,9237.9479,2243.8057,1988.1693,2525.2082,3002.2062,3243.7145,3145.2047,3470.3819,2
7859.1979,7842.3646,7459.1146,7974.2,8137.875,7486.6083,8887.8229,2372.9567,2098.8878,2679.3215,2695.2707,4318.5976,3684.2783,4029.6351,2
7965.325,8104.6,7954.7396,7684.0313,7529.125,7876.375,8962.0417,3028.0264,3108.9944,3644.1276,2499.9004,2499.3724,3298.8072,3506.633,2
7410.375,7282.5,8738.9667,7856.6333,7673.6771,7429.3438,8031.25,2938.4101,2619.0901,3411.8041,2005.5865,1972.9027,2668.0784,2613.9054,2
8711.1875,8258.4375,10050.3333,8432.625,8495.35,7716.6917,8245.35,4235.2206,3551.1837,4173.406,2701.8034,2395.0551,2785.4776,2578.6942,2
7238.675,6457.5667,6233.8646,7535.0625,8233.7292,9240.9375,7826.3646,3377.1439,4167.2661,4085.8238,2930.5429,4179.0136,4081.3615,2661.437,2
6471.2813,6886.75,7976.2333,6581.5083,6106.7417,6838.4479,7051.6042,4675.4082,3679.3465,4344.2836,4009.6297,5124.3513,4856.5791,5231.6001,2
3606.8833,3197.3125,4002.0521,3257.8646,3429.2708,3337.4667,2967.8167,3485.3591,2269.0534,2992.7541,3262.7559,2753.5721,2894.4756,2445.0344,2
3741.8958,3151.875,3428.3854,2839.875,3692.2188,3821.3229,2723.4063,3882.3672,2908.3025,2946.5103,2514.0868,3690.7023,3831.1674,2343.2886,2
1807.5729,2410.7417,2508.9417,2688.2917,2421.4583,2183.3333,1609.6458,1691.2264,3241.2005,3268.2926,3484.5168,2854.262,3105.5628,1934.8041,2
3531.2188,3166.0833,3100.6146,3206.9792,2808.3583,3011.6083,2602.3854,3804.6893,3888.518,3789.214,3806.9335,4134.4147,4022.6886,3756.3098,2
2537.775,3444.1667,3100.6875,3147.5625,2314.3542,2066.6146,2149.95,3105.2846,4995.0975,3930.3377,4024.98,3384.9683,3067.0083,2881.3339,2
3490.0104,3251.4063,3269.5583,3443.95,3762.625,3416.4167,3543.4271,3912.0804,3459.9555,3413.4938,3520.6381,4175.5322,3994.5662,3792.6206,2
2983.8438,3319.3917,3463.2396,3824.4792,3071.9083,3386.7833,2910.5,2948.443,3413.7769,3347.9619,3683.7103,3386.9542,3491.7087,3245.6233,2
3244.8,2665.7583,2533.1875,3332.9688,2572.3438,2249.3125,2360.0667,3895.5752,3215.1376,2934.0826,3899.9135,3576.0783,2510.8658,2753.9837,2
3821.1146,3344.0208,3507.55,3225.2917,2994.3333,2936.6875,3232.3854,4015.2364,3968.4829,4311.0871,3479.2606,3336.1482,3230.5059,4165.9895,2
1816.6354,2047.3125,1603.1458,2149.8229,2516.125,2162.65,2922.075,2703.7676,2797.1992,2140.2437,3115.905,3988.1881,3642.351,4275.4907,2
3620.1333,3397.825,3664.0313,4039.1667,3406.4271,2962.0208,3094.7396,3594.0192,3374.5505,3601.8671,3648.0598,3559.7414,3310.6557,2345.4265,2
4078.3125,4382.3333,3966.25,4044.8417,4461.325,4047.375,3360.7813,4073.9899,4400.1056,3468.5864,3748.2322,5119.0552,4711.5555,3202.7533,2
2785.8167,3436.2917,2634.5417,1907.9167,1515.7813,1626.6833,1479.275,2688.1287,2996.6923,2336.5856,1705.1215,1751.0198,2301.735,1591.9311,1
2103.1979,3558.5625,2195.5521,1564.1667,1386.5313,1281.5833,1778.5208,2193.0621,4531.0423,1957.4329,1299.1834,1350.9487,1272.1157,1886.0098,1
1940.9167,2450.125,1696.8083,1552.7083,1203.75,1274.8333,1496.4063,1940.8413,2472.9426,1395.0789,1258.0641,1888.1166,1285.0125,1699.8805,1
1810.7396,2735.6875,1634.6979,1233.8333,940.6833,863.1083,912.7708,2001.3546,2937.1933,1761.8211,1057.2099,828.5068,562.499,828.2058,1
1763.575,1806.0521,1926.1333,1181.1771,840.9375,1000.4896,932.675,1935.8985,1635.6737,2083.9197,1047.8204,616.8075,726.3121,755.9093,1
2132.5625,2409.1917,1857.85,1160.0417,881.5938,1106.0625,1075.8854,2396.335,1974.6738,2010.7408,887.92,459.9507,1102.8776,1200.9095,1
2017.2292,1951.5625,1748.9063,1119.3417,907.1833,1134.6,1289.375,2149.7982,1817.9682,1789.3816,714.7889,498.4941,915.8963,1278.4175,1
1620.6417,2293.3083,1638.0,1493.3333,1271.5313,1112.3958,991.425,1895.4543,2324.6672,1777.8237,1193.4691,831.7384,1012.6872,691.6067,1
2541.8854,2730.625,2020.5417,1351.625,924.2396,1427.2813,1276.0938,2923.9444,2746.5945,2268.3785,1137.5013,562.8384,1534.6426,1005.8493,1
2485.3021,3012.3229,1977.7708,1980.2813,1147.475,1101.225,1279.4417,2650.1391,2779.3961,2193.9465,1984.6769,899.6655,849.7889,1102.7491,1
2841.2667,2999.3167,2958.0521,2020.4479,1291.0,1650.3021,1924.3854,3152.7339,2725.4325,2731.4027,1708.5204,1128.6348,1971.0253,2279.026,1
2610.1458,3376.2604,3631.6167,2028.4083,1680.9167,1669.1146,1689.3646,2942.559,2909.7721,3614.4004,1720.8826,1697.7876,2152.6424,2040.9445,1
21945.1583,24113.0938,19948.3333,21798.7292,25423.4792,25109.8,24639.5,8073.4274,9850.4523,7184.4208,9326.5746,8447.1512,9783.917,7936.4737,6
19305.7604,18419.0833,18514.5,19028.5625,18413.7604,17777.75,19019.75,5505.929,5220.7558,5722.2258,6033.9086,4391.8748,4038.9739,4949.5833,6
16769.8438,17661.4667,17662.8917,19062.125,18445.7188,18067.9375,17369.3125,5148.605,4625.7874,5837.0796,5433.8969,4403.5039,4820.897,4271.7906,6
16071.4167,18181.8646,16032.5417,15599.8125,16896.9417,15842.325,16485.8021,4624.418,5861.345,4839.3243,3895.3911,5206.9313,4150.617,5285.074,6
15469.2583,15015.6875,14246.5313,14599.8417,13900.7604,13824.9063,13461.9417,7819.8345,6572.3637,4667.4722,4929.6126,4756.97,4479.0111,4668.3905,6
13234.4896,15526.0333,13467.175,13946.9271,13780.1458,14442.8646,15378.5729,4003.5331,5847.4729,4250.4376,4250.8591,4122.825,4826.023,5740.1284,6
13503.5521,13581.0417,13140.3958,13808.3,13199.1333,13330.475,15688.0104,3810.8382,3860.9119,4185.7339,4497.1716,4355.0058,4280.2527,6119.5854,6
13838.3917,13721.225,14026.4896,13151.8542,13916.1979,13367.3125,14500.0833,4259.0473,4082.3199,4344.9976,4431.4391,4777.724,3530.0928,5158.3978,6
15026.8646,14412.4896,13709.7917,13747.5667,13878.4271,14397.4167,15564.7396,5930.8487,4977.147,4976.9599,4108.3137,4199.9862,5647.2025,5809.8808,6
14276.2813,15317.6667,13707.7708,14266.2604,14666.3917,14115.425,17434.9,4286.2378,5552.3372,4391.739,4326.5188,4686.288,3802.0737,8664.8612,6
17730.6917,17694.3,16107.3438,16342.1667,17108.2188,16110.5625,16747.7083,5674.0977,5593.6113,5076.6113,6333.8068,5023.5213,5291.8857,5724.5588,6
19506.6979,17923.8646,19898.3833,21736.7917,22995.0833,17739.6042,18296.9271,5204.142,4035.8189,8585.461,9800.6831,9551.0896,4819.7667,5583.3484,6
13721.9833,11780.9375,12083.0104,10444.1042,12985.2813,11442.35,9855.35,9164.9355,8553.3192,9176.7719,6933.6312,9417.0993,8757.589,6316.0402,4
11138.4583,11452.5313,9312.9792,8583.0833,7952.6563,9574.3021,10977.4375,7306.394,7696.3418,5559.0243,5669.9019,4079.7785,7326.6096,8361.8563,4
7762.7292,8583.4333,8179.4,9465.5,8012.3542,9658.6458,9162.0729,4923.6966,6224.0728,4877.6395,7101.7831,4296.0563,6822.9366,7481.0592,4
7994.0521,6824.2083,6583.1563,8364.5313,6276.9167,6840.1,6859.1146,5795.7571,5650.0801,4725.7394,6720.1594,3925.2363,5689.5373,5081.2241,4
6163.0667,5862.5521,5042.5313,5580.6083,6416.7604,5963.8021,6334.5333,4641.6523,4794.3248,3210.7451,3511.7112,4421.3667,3892.0634,4204.1284,4
5600.8021,6237.5167,5989.5417,5359.9479,5649.1875,5357.9583,6372.2708,2862.4201,3204.1486,4175.8786,3080.1611,3316.7236,3269.1207,4559.1514,4
6331.2396,6208.5625,5652.8021,5823.625,6002.2417,6355.225,6465.9063,4755.1732,4683.757,3650.7884,3934.7093,4454.1446,4263.633,3893.8217,4
7023.75,6463.4083,6263.3229,5978.6354,6294.8646,6002.1771,5652.0667,5202.9233,3431.8413,3569.8031,3602.4851,3881.9304,3294.86,3100.2228,4
7615.8438,6897.0625,6768.2917,7094.375,7264.8438,6917.1563,6783.8125,5407.4373,4831.8774,3924.0673,4468.2886,4697.5717,4768.8445,5525.056,4
7852.1667,8688.1667,8475.1979,7898.8125,8451.9167,8430.7583,8987.2833,4283.5149,6908.588,4537.4762,4002.578,5220.5987,6211.2482,5932.3157,4
12985.1333,11589.4917,10545.8021,11393.9792,11382.6354,10126.9167,10011.9583,8113.5018,7292.0675,5337.8355,6376.6481,6262.875,8328.5431,6936.8279,4
10229.25,11133.2083,10123.2583,12935.9917,10570.15,10219.2708,13626.8021,6783.5623,6978.3558,4712.6626,8182.3634,5932.806,7249.7143,10247.815,4
8330.7917,9311.8438,6625.9375,8324.6771,10054.5208,6154.1,6598.1833,4782.7852,4500.6628,4721.583,4380.4748,4225.8672,4637.3392,4781.1058,6
8950.0938,9287.4896,6620.6042,7740.8646,9254.6979,5090.7396,6820.9792,4673.5894,4619.5661,5287.6789,4818.892,4627.7732,4293.0975,4798.0721,6
8785.75,9327.5167,6628.65,7567.3417,8686.8125,5619.3229,6127.3854,4731.4817,4541.1786,5108.4717,5119.9961,4610.0742,4840.1718,4991.2315,6
8050.3333,8368.0521,6073.0625,7022.2813,7076.4083,4608.9,4774.1146,5007.4827,4886.5993,4737.3641,4739.3285,5106.9023,4169.5457,4270.216,6
8290.45,8837.7188,7108.7167,8206.1667,9836.7604,7323.0729,7229.075,4927.7063,4389.3924,4775.3558,4686.4273,4771.4298,4786.7254,4172.5812,6
8747.9271,9746.3917,7338.2083,8280.1354,10364.125,5339.1979,5198.3854,4583.967,4393.8255,5153.0301,4667.1571,4334.4429,4288.2772,4221.7262,6
9265.6875,9741.3854,6311.9063,7885.3833,9867.5667,5580.6833,5937.2083,4715.6061,4551.0755,4190.1291,4488.4951,4754.6496,4320.5237,4349.5226,6
8874.6583,8579.3667,6448.1667,6259.3958,9431.7396,4268.9688,5765.8,4496.2016,4145.3104,4585.8406,4192.9406,4500.1254,3514.3758,4382.1291,6
9089.375,9734.8021,6294.3583,6724.9917,9188.3021,5349.9063,6662.4583,4653.0888,4798.0671,4583.6704,4275.9725,5149.9776,4070.2869,5067.2799,6
8644.4375,9231.3438,6453.7292,6621.0625,8918.4417,4702.95,5388.0417,5034.414,4872.653,4756.617,4835.9807,4661.3476,4477.4112,4371.087,6
9183.6583,9851.1667,6440.5208,7160.2188,7369.8958,5226.5417,6277.9583,4673.9818,4610.3382,5000.9236,4448.1086,5232.6294,4275.9658,4764.7811,6
8163.9375,8060.6354,6731.7167,7627.4083,8208.7833,6317.4792,6706.0625,4572.3273,4995.5972,5032.6002,4330.5737,4397.3874,4550.5996,4887.8405,6
4964.15,4776.9271,4310.1042,7333.4479,9268.9896,9138.0667,8813.225,4227.9903,3711.6592,3468.0194,8031.137,9765.6891,10654.9618,9582.3818,2
3063.1979,2968.2604,3652.7708,3170.7188,3047.4063,4009.9063,2758.75,2907.0007,2816.5552,4106.1212,3554.127,3255.8979,4128.8541,2816.102,2
2819.3958,3212.1833,3515.175,3506.8083,2446.2917,3439.0208,4022.9271,2471.284,2656.0929,3347.1892,3585.5462,1402.7907,3137.8718,4410.517,2
3070.2396,2648.1354,2684.7083,2526.4479,2236.3083,3775.0167,2960.2917,2756.0074,1905.3943,2192.5368,1571.6893,1503.5262,3604.501,2572.796,2
2958.1333,2342.7188,2553.6354,3141.6917,2492.8958,3539.75,3370.7417,2391.294,1460.0618,2012.4909,2955.0139,1589.6916,3206.3632,3215.0947,2
3483.9688,3088.5917,3016.1083,3021.8229,3314.5,3488.4479,3894.8646,2474.6506,2108.172,1851.4783,2433.3007,2319.4343,2466.96,3131.6039,2
3729.1042,3049.2917,4161.8542,3342.3417,3871.55,4226.8833,4917.4063,2610.4148,1919.8061,3593.2567,2571.9094,3991.1281,2892.5353,4128.3871,2
4110.85,3549.1667,2636.7083,3908.9167,2804.9167,3437.7917,4073.35,3486.0084,2620.6363,1445.3373,3624.0182,1349.2415,2326.5697,3227.3899,2
3333.375,3422.7083,3471.2583,3296.4583,2877.25,4676.25,4478.2083,2203.3376,2479.1223,2631.5717,2276.9583,1697.1217,4564.0491,4105.0464,2
3363.6354,2837.4167,3148.0208,4134.1667,2811.0833,3684.3417,3616.9167,3101.7765,2321.8075,2592.8403,4359.9248,2268.5101,2967.7873,3581.4631,2
3548.3917,3488.325,3239.1771,3579.5625,3028.6458,4938.8646,4448.1458,3055.7675,2808.1132,2640.6295,3026.4159,2494.3822,4805.4863,4057.5033,2
3769.7917,5728.3438,4413.1083,3593.7583,4294.225,6782.8646,4815.3333,2037.3578,7691.5956,3203.7491,2334.3674,3499.7288,5428.5367,3152.6177,2
11706.4667,10782.875,8850.6458,12342.5729,11942.6042,10661.925,11304.475,8819.334,8468.4807,5619.1707,9698.0484,9506.6397,7660.6337,7877.8222,2
10012.3125,8288.4583,8506.625,9516.0625,10142.8646,10411.8958,11671.2604,6921.1562,7211.1036,6067.4276,7047.6609,6983.7659,7970.3697,8009.5227,2
10803.5625,9982.1583,10247.8417,10948.7667,10244.75,10445.1771,10577.2188,5853.2339,6254.3356,7023.3152,6573.0103,6044.0422,4572.1507,8616.5072,2
9787.375,11000.1979,11317.6146,10273.3229,8660.6083,8410.975,8543.125,6571.3783,6010.3562,5501.1504,4629.9334,4508.1846,4550.0978,5255.2885,2
9287.7917,8547.2188,7272.2583,7721.1042,9475.3646,7538.2188,9584.025,5598.673,4517.5597,4385.7342,3212.2825,5772.4536,3337.8252,5650.8034,2
8246.6458,8358.5167,7811.3833,7386.1563,7238.8854,7625.0938,8755.9688,3353.2401,4121.1663,3396.6716,2756.5246,2917.4809,3640.6034,3981.1783,2
9660.1771,8879.6563,8244.5833,8397.2,8565.7167,9203.2667,9445.1042,3311.8888,2485.0745,2942.7352,3255.2522,3485.8856,3264.7659,3594.5035,2
9260.5917,8006.6083,9084.0729,9484.0313,8728.2083,9302.4167,9769.1667,3220.991,3895.4725,2924.5622,4503.9129,3353.8689,4195.2142,3534.6856,2
8756.3438,9130.8542,6970.25,7023.7333,6610.4063,7935.7188,9382.6146,3346.1093,5319.006,4385.2837,4883.4569,4232.7444,3792.8304,4002.3109,2
10030.5104,9095.1042,8432.0417,8319.0313,8694.125,8849.0167,10533.6,5197.3481,4194.9454,4068.8747,4334.3064,4821.6724,5039.5288,5609.8062,2
11657.3583,11711.05,8972.5833,7444.2917,7716.5625,9535.2917,12257.9792,6952.211,7308.9425,5383.8168,4226.3541,4960.2567,5967.9646,7626.8838,2
19551.8646,17716.3333,18257.9333,13540.5583,18952.85,18869.3333,18533.8646,13127.3323,12199.7319,15962.3081,10009.4921,15919.4738,13107.8318,11774.2492,2
9414.65,10677.8646,7850.8125,7007.3229,6834.3542,8382.5083,9457.425,9965.6365,9430.7106,6745.1148,5786.8076,5537.9875,7074.428,9211.9989,3
9199.6563,9889.1563,7392.2083,6269.6667,9270.8542,9286.7083,7772.2083,8208.1125,9292.7263,6040.4733,5394.2856,7996.0948,9202.0049,6635.7944,3
7218.8438,6496.7417,7000.4,8278.4917,6911.8125,7672.6771,8664.0521,7143.0752,5682.5222,6265.2236,8335.0611,7183.9648,8181.2664,9951.7933,3
6807.3438,7553.6771,5689.6458,6142.9271,4548.1917,7588.2,5413.75,6896.1956,7034.5853,5373.1544,5959.7761,3929.4792,6605.0715,4382.3691,3
4483.825,4429.1875,5583.3917,5493.2188,5556.875,5684.6979,5415.875,3054.5793,3968.1893,5311.1554,4811.3425,5312.7624,5561.2483,4837.3296,3
5524.0938,5409.7333,6374.225,5211.5,5116.6563,4844.9688,5749.2917,5810.1314,4388.295,4936.2389,4189.7853,3871.4563,3696.7205,5218.2346,3
5316.7604,5037.9896,4917.8438,5788.675,5015.7083,5240.8333,5052.6667,4005.8449,3818.7654,3880.9829,4473.4055,3442.0654,3945.783,3921.3525,3
4902.55,6269.025,6942.1458,4598.1667,4812.0521,4652.8854,4446.35,3732.3114,5360.0416,6911.9353,3630.5919,4955.743,3533.7079,3399.5548,3
6650.125,5932.2604,5004.3333,5716.375,5539.1979,5253.4896,6512.1354,6063.0501,4955.6507,4062.9477,5302.6416,4846.1976,4603.1028,6651.5527,3
6460.7083,6369.6042,6621.0625,6045.6354,7804.525,6963.9167,5875.6667,6072.8599,5696.7057,6709.6217,5714.9935,7674.2798,5552.0648,5529.9052,3
6765.2917,6986.8,8156.9583,8079.4688,6826.2917,8012.3646,8818.9063,6294.0686,6553.6651,8821.1794,7575.4601,7304.7402,6650.9397,8257.5459,3
6803.8854,7272.6042,8327.1083,7540.0667,8391.3167,7156.3229,8550.0417,6160.3375,6916.107,8077.0242,7095.4546,9314.4458,6896.9296,7903.7792,3
3503.95,3210.3542,3422.9479,3739.4375,4130.625,2915.0417,5307.7667,3270.1704,2919.0604,3654.2364,3658.3155,4455.7853,3655.9016,5877.0188,2
3676.6979,3084.1771,3463.3333,3386.0,4011.5313,3006.4271,4257.2708,3297.6773,3087.4015,3534.4438,3154.7736,4573.5193,3070.9881,5186.0802,2
2733.3229,2733.9917,3967.8667,3210.2333,3003.9063,3522.375,4173.3958,2276.7083,2548.1488,4180.762,3189.4581,2938.0568,3619.3865,4930.9361,2
2929.4167,3113.7917,3274.7813,2820.6354,2822.5083,2614.5,3253.0729,2899.7308,3863.4266,3139.5949,2852.9523,3019.3505,2827.3114,4048.2512,2
2392.8083,2368.6979,2638.7583,1986.6146,2795.8125,3296.3646,3038.9833,2531.1988,2324.1377,2521.7976,1620.6628,2322.7583,3914.7825,2985.0181,2
2541.3333,3071.225,2742.5583,3256.625,3091.6875,3068.625,2448.9688,2107.3074,4189.7808,2909.6925,3069.5003,3758.0302,3167.6369,2150.3787,2
2606.5417,2614.8854,3530.1458,3435.5083,3156.0667,3868.3417,3404.0729,2012.4991,2671.4651,3325.5017,3761.3012,3130.2872,3976.6556,2944.4324,2
2638.225,3069.0167,3258.75,2179.7917,2842.2708,3813.4583,2945.2,2468.0137,2848.9338,2771.7471,2033.1131,2353.8895,4019.6289,2781.6066,2
2429.3958,2382.7708,2762.2583,2335.3,2394.3229,2712.1146,3600.4896,2434.5361,2340.2033,3345.7037,2472.3573,2446.1223,2964.8907,3814.7365,2
3229.9479,2327.1146,3304.1458,3228.1042,3441.8,3921.4667,3333.1083,3232.8719,1989.2948,4556.6599,3920.6715,4331.0202,4418.0788,3705.6702,2
3526.3667,2807.2917,3260.3125,3562.5104,3569.9896,3436.4688,3507.875,3333.5259,2547.0803,3185.8131,3588.3134,3635.3481,3611.1206,3883.1323,2
4516.2813,3419.9271,3289.6417,3499.7583,3801.6417,3834.8021,4464.1458,4817.7057,3428.1324,3582.7623,3362.0538,3448.7887,3447.7492,4707.7647,2
5479.7917,3530.6111,3017.5694,2936.4861,3474.4583,3763.7639,2890.7639,7031.8437,4284.9589,3437.3614,3637.8313,4252.0529,4424.2516,2490.2162,2
2401.6771,1904.1833,2433.7833,1316.5625,2196.2813,3400.3021,2931.0313,3212.703,2410.4285,3438.3846,1314.8764,3415.4432,3789.7897,3938.7447,2
2966.4271,2387.6563,2722.75,2670.3083,3431.4833,3272.875,6290.2396,3694.2189,2903.1171,3337.8712,3120.8225,4036.5716,3240.8442,5844.355,2
3111.0083,2661.5917,2751.7188,2219.5313,2076.2917,4172.0729,3909.5167,3373.9736,3608.8697,4180.2501,2599.2673,2061.1231,4624.4872,4867.8104,2
2728.2917,2721.4167,2397.8167,2962.1333,2463.8646,3266.3021,3653.6667,3539.2366,4359.9702,3218.982,3596.3793,3284.9786,4114.4059,4154.7604,2
2284.7083,1862.0729,2366.0521,1907.8229,2815.4333,3965.9667,4556.6167,3070.9535,2286.0718,3097.1566,2065.0039,3817.6354,4890.6213,5819.2548,2
4007.3833,3090.125,2305.6458,2889.7292,2894.5208,3614.2083,4193.3542,4273.6582,4278.3462,2231.5325,3754.6842,4023.7247,3937.5489,4965.1511,2
3540.5729,4157.125,3299.725,3690.425,3652.2,6218.2813,5644.1875,4944.1132,4851.1321,3671.106,4483.6449,4548.2982,6424.8546,5454.5823,2
7204.5583,7761.4583,7210.5833,7487.1354,6764.2188,8515.2167,8032.4917,5620.2764,6289.599,4842.8404,6337.2492,4663.0195,6095.0229,5016.0954,4
7469.1875,6379.8021,6963.0833,5561.9792,6683.4375,7840.3958,7642.6875,5470.2032,5374.896,5211.9642,5093.793,4543.5025,5193.6935,5907.0171,4
7825.1146,8096.725,7678.0167,7646.0167,7293.0417,7979.1563,7661.3646,5690.5923,5647.5363,4925.807,5494.5145,4700.9645,5558.9834,5121.3722,4
6868.6979,6849.2604,7429.375,7126.9063,7637.0,7346.2167,7702.0938,4301.6466,4735.3899,5156.6094,4619.9794,4462.7512,5291.4225,5244.3449,4
6289.9333,6915.8229,6606.7292,6418.4792,6754.4688,6761.0917,7497.1917,4128.8845,4328.1788,4556.0282,4166.6561,4518.2283,5044.5496,5099.0747,4
5854.7083,6068.3833,6933.6833,5701.4479,6496.7396,7170.5938,6928.9583,3975.2234,3924.7349,4534.2841,3977.5389,4055.2501,4854.0548,5107.7234,4
5422.75,6235.8542,6925.0521,5512.85,6478.325,5954.7667,6064.2708,3686.4915,4356.4895,5151.4319,3449.5527,3957.6651,4034.8204,3663.7843,4
6085.8417,5497.4083,4953.8646,5001.2917,5089.6771,6758.7083,7236.2167,4951.091,4709.9218,4092.5814,4394.8874,4299.6703,5108.8841,5213.5046,4
6830.5104,7106.75,7222.2167,6931.7,6892.8229,7089.0833,6672.7917,4896.3655,4675.3635,4952.1673,4260.9792,4587.4554,5055.2445,4504.5092,4
7214.3229,6568.0417,7335.3646,6918.2917,6869.65,7598.25,7266.9333,5644.7585,4871.9763,4852.6357,4329.5149,4212.4498,5238.268,4957.7431,4
7022.325,7782.1,7624.6042,8081.2292,7606.3333,7509.8021,8461.875,4719.3704,6072.7467,5343.8216,5687.7438,4812.794,5058.6821,6130.9489,4
7567.0833,8425.3021,8243.85,8229.6583,7237.3333,6813.2188,7673.875,5503.8164,6261.9062,5355.8029,6130.0349,4520.2118,4660.4916,5853.1314,4
2243.5,2247.0625,2268.5208,1988.4271,1778.4271,1793.8833,1954.7583,1505.9028,1487.3816,1728.1882,1283.5243,1111.1937,1041.4893,1374.2215,2
3261.25,2995.0625,2925.6146,3039.6354,2968.3021,3240.4479,2944.0208,1542.5884,1152.336,1163.5425,1408.0085,1134.0599,1548.8467,1165.1816,2
2734.4583,2522.7,2515.225,2428.8333,2527.4375,2551.7292,2374.4479,1362.6945,1079.7324,1196.8151,1081.2505,1171.6221,1280.4476,1016.5545,2
2495.4479,2265.2917,2425.5625,2272.7813,2309.0583,2177.275,2348.8333,1308.765,1112.2277,1253.7606,1145.703,994.5506,839.1293,1172.7404,2
2284.475,2068.7604,2068.1667,2089.5208,2216.6771,2257.0833,2085.1917,1117.4501,1118.2693,1079.9491,958.9741,1157.9186,1300.8373,1000.0534,2
2121.9792,1928.5417,1928.4667,2237.9896,2148.5417,2279.2604,2058.0313,1095.0759,810.2584,897.3902,1141.4351,923.1161,1307.7406,1018.3898,2
2380.9896,2156.875,2153.8438,2222.975,2174.7917,2299.1833,2329.2188,1119.8704,807.7074,954.2134,1052.6463,911.2399,1076.5545,1094.48,2
2395.7833,2157.2917,2095.4167,2221.5729,2394.2708,2345.2917,2219.6667,1358.3841,986.5614,1151.8636,926.8178,1178.3342,1309.918,970.9661,2
2160.7396,1725.1458,1784.4083,1852.1167,1986.25,1969.3542,1868.7813,1311.0177,825.8208,892.67,940.686,1141.5788,1311.1527,932.8783,2
2363.1667,2332.3125,2258.75,2202.75,2236.0583,2361.7,2517.5167,1297.5928,1112.3594,1203.1973,1239.7175,1158.3857,1262.9984,1533.6804,2
2240.65,2036.9,1879.7708,2037.0833,2327.3646,2444.3021,2219.5625,1386.9869,1134.5818,1046.2588,1184.6703,1409.957,1565.1883,1492.5518,2
2428.6563,2199.0833,2302.1083,2235.25,2248.6167,2148.6458,2126.0521,1587.5534,1176.9996,1521.0237,1490.3993,1140.3763,1429.8469,1237.181,2
4261.6583,4533.4375,5001.9896,4663.2604,4259.0208,6205.6,5381.575,2214.4865,2293.7139,2541.9964,2109.1433,2316.4527,3531.2614,3090.718,2
4116.1771,4872.6771,4487.6771,4527.1979,4770.7292,6123.1146,5369.0833,2197.09,2545.5259,2313.6478,2276.9553,2804.3143,3146.7597,2559.7418,2
3743.1667,4440.4,4561.8583,4581.775,4606.375,5108.5313,5210.0313,1690.3196,2304.861,2226.5195,2297.0553,2613.9923,3027.8123,2827.6819,2
4239.6146,4380.9583,4144.2083,3944.5729,4495.9833,4800.675,4633.6771,1772.7355,2188.1791,1896.3197,1523.9618,2107.9155,2166.0724,2151.7269,2
4648.525,4163.2,4441.9167,4268.5938,4123.1354,5136.0208,4621.95,2233.8697,1474.911,1911.5646,1748.1789,1461.5767,2628.5882,1853.3646,2
4183.3125,4456.5833,4571.2333,4417.0208,4261.8229,4693.0167,4438.6458,1639.1744,2012.0549,2006.1572,1631.1495,1735.5737,2074.7957,2130.3385,2
4577.5521,4305.1042,4445.2396,4436.1333,4498.4417,4473.575,4699.6979,2127.176,2030.4401,2178.0142,1579.4917,2189.4641,1394.121,1978.7752,2
4827.0167,4801.7417,4353.5521,4568.9583,4795.0625,4573.5208,4870.025,2103.6154,2596.7117,2111.385,1671.8052,2376.6026,1815.7696,2096.1608,2
4327.8438,4620.4167,4624.7667,4910.9333,4135.5833,4509.7604,5330.7708,1961.8233,1851.6436,2139.0531,2305.35,1920.2331,2155.9972,2655.6896,2
4112.375,4008.4271,4431.4479,3981.0417,4226.9583,4905.9,4744.8167,2509.345,1708.8648,2480.9951,1954.3834,1993.439,2768.2817,2631.6636,2
4120.5333,4710.9833,4429.8125,4804.1667,4370.0104,5450.2083,5108.9479,2346.6393,2354.4105,2201.321,2585.7753,1970.8996,2690.4725,3011.7162,2
5655.3854,5828.1667,5452.5833,5354.0583,5052.5917,6553.1771,6215.3438,4617.3493,4195.5311,3778.5738,3965.06,3321.8761,4663.4833,4641.9197,2
6456.075,7547.9375,7858.7292,5676.1875,4965.5521,6105.575,7783.675,7102.9992,7935.8201,9125.3519,6636.808,5621.7187,7564.9903,8726.1213,4
3358.0417,4022.125,4212.6146,3348.0104,3098.0313,5916.5208,4883.2708,5688.5556,5604.525,5598.0917,5179.3009,3886.9794,8101.6039,6039.4025,4
1953.4479,2409.8583,2663.175,1964.6667,1618.6667,4057.1875,2173.2604,3495.3361,4050.9109,4016.5327,2655.1395,1496.8577,4969.9884,2054.1236,4
2289.4063,2093.7396,1541.6563,1495.9896,1654.3417,1855.45,2529.9375,1849.0404,2715.1831,2124.3276,2169.8655,2174.3848,2398.4581,3394.0634,4
2333.3667,2545.825,2164.6875,2231.4583,2251.6458,2672.7188,2210.4167,2449.6747,2547.4465,2040.3778,2486.1775,2167.3334,2642.023,1859.1762,4
2025.3646,2274.5417,2708.4167,1402.4896,2615.3021,2165.9375,2212.0104,3470.3195,2636.2681,3202.0082,1367.7567,3337.4284,2824.6754,2663.3061,4
2270.9063,2270.125,2393.3958,2887.9917,2889.0917,2571.225,3565.6979,2959.4579,2861.4891,3078.4029,3716.2248,3575.3583,3307.4655,4058.626,4
3555.7667,3557.1167,2198.4063,2634.1042,1468.4063,1998.8542,2607.3167,6046.7847,5335.4681,2916.8846,4247.7258,2180.7277,3471.0794,4142.5597,4
4067.6875,3819.3229,3589.5667,3144.5167,2483.0313,5398.7292,5105.3542,5179.786,4599.588,4428.3513,3834.3352,2743.0518,5424.2655,5451.3988,4
5059.875,6094.9375,5210.4792,3793.125,5287.3917,8149.95,5274.625,6170.0678,7625.8344,7118.714,4689.7957,8669.678,8680.407,5779.3751,4
4823.7917,6736.8583,6034.3125,5369.0313,4935.1042,9652.2917,7275.7188,5855.8902,8094.1348,7137.3623,6571.2622,6071.4929,10365.1584,7862.6384,4
5225.8854,6120.4583,7211.2167,5784.9083,7252.2167,7526.9583,8245.5313,5926.2337,6975.0714,8265.3003,5497.5957,7636.4878,9323.6548,9061.4118,4
5965.9167,6284.1771,3916.8854,6344.0521,5565.7708,6344.1667,6101.3917,6272.1889,6504.0375,4272.9653,7801.0614,6488.8873,5946.189,7875.4619,2
6321.0,7097.5,5968.5313,4503.9063,5877.2813,5761.3542,7671.6979,5937.7676,8388.0929,6036.9913,4690.9401,6311.1606,5914.5721,8127.2291,2
6457.7813,6871.925,6840.475,6688.6917,6507.0,6393.2708,8355.1771,5321.6058,6573.4405,5883.5123,5381.3419,5049.7298,5910.7284,6434.607,2
5985.7604,5672.5313,5246.9479,5399.5833,6583.225,5272.3083,5809.75,4924.3629,5727.5068,4973.5926,5744.3371,5909.393,3552.3573,4626.4233,2
5489.8833,5822.7417,4567.7083,4914.8438,4842.3646,3402.9375,5016.9917,4118.3216,4458.9022,3185.3522,4427.8874,4503.6049,1293.4179,4678.1948,2
3238.2083,4522.6042,4083.1167,4437.9083,3146.9792,3464.8333,4631.2708,2711.2135,3837.0426,3748.3356,4184.3168,2694.4864,3099.172,5258.8227,2
3797.5833,2210.8229,3401.5208,2797.5,3022.475,2138.8917,3026.0104,3479.3306,1559.9091,2801.0843,2195.567,2853.6756,1531.0945,3227.7689,2
3240.1083,3642.6333,3800.25,3965.4063,3552.4479,3012.0625,3268.1667,3238.1348,3922.9733,4315.1794,3804.6193,4500.5523,2885.1791,2807.4847,2
3962.0208,4338.75,2753.1083,3907.0,3292.4583,4230.8333,3538.2188,4301.0032,4295.4123,2610.789,4372.8122,3398.3905,4565.7949,3850.1936,2
4624.1146,3840.4583,4319.25,4985.9375,4433.0833,3837.3417,3996.6417,4725.9232,4332.7363,5020.6843,5501.4567,4835.7439,4891.4835,4610.3969,2
4970.95,5591.6833,4624.8125,4771.2917,3685.0208,4724.2292,4026.5938,5002.5371,6838.1765,5226.7832,5403.3379,4215.595,5568.2261,5442.2698,2
4781.3333,5557.9063,3944.1417,5569.375,5054.5583,5021.6042,6038.1667,5302.5811,6377.5495,4197.8682,6425.0298,6042.1008,5813.2486,8376.296,2
2326.1583,2452.8333,2288.9792,2191.1354,2180.0417,3022.85,2024.1667,1908.0931,2077.3216,1892.4186,1644.9106,1756.1411,2424.8666,1492.6331,1
2032.8958,2238.2917,2173.5938,1933.9479,2184.0521,2583.9479,2001.0833,1692.6482,1974.5468,1672.8785,1693.3004,2071.6071,2485.5022,1579.8773,1
1553.5104,2013.1083,1801.8917,2238.0417,1927.875,1972.5729,1693.5833,1117.836,1673.2105,1438.3376,1950.929,1600.6824,1502.4907,1213.9973,1
1638.4583,1809.9167,1784.1979,2020.75,2010.9333,1676.15,1330.8125,1339.7557,1368.5111,1403.6076,1900.3915,2279.4201,1655.5665,816.3134,1
1617.55,1536.575,1259.8542,1611.1875,1484.5,1564.8646,1449.55,1928.1358,1231.0663,816.3167,1664.5409,1446.0041,1434.8356,1116.5096,1
1562.3333,1724.625,1294.3333,1527.0313,1544.9792,1545.9167,1559.3958,1211.9303,2243.4629,888.223,1192.1689,1312.9713,1690.7441,1198.0114,1
1292.9167,1162.125,1121.5278,1180.1111,1580.6667,1159.8472,920.9583,2605.7972,830.2971,876.8377,1023.9874,1648.4764,942.0275,555.0344,1
1580.7083,1750.0333,1541.4479,1531.2188,1470.4583,1575.2604,1458.5083,1409.4827,1314.8772,1363.7447,1335.2041,1082.8327,1229.6348,1337.8055,1
1687.6146,1416.4479,1128.325,1528.6917,1281.1354,1253.3854,1317.2292,1444.8014,1067.0007,696.0541,1554.6072,891.7558,1000.1393,968.3524,1
1430.5833,1583.9167,1516.2396,1522.4167,1743.5333,1567.275,1589.9667,1019.6665,1171.6038,1230.6828,1186.0187,1371.7516,1299.2139,1188.297,1
1709.025,1826.3417,1278.8333,1967.8542,1672.1458,1342.1354,1592.2813,1715.8289,1766.5775,947.4141,1889.402,1847.2264,994.8273,1888.18,1
2306.75,2747.1667,2697.925,2665.3667,2476.375,2539.6875,2394.8021,1705.9121,2080.2056,1947.8037,2184.7469,2049.574,2024.9479,1664.5007,1
3116.05,3143.3854,2959.6458,3247.3333,2821.2708,2793.2583,3718.1583,3239.9309,3052.8242,3251.9798,3636.6662,2936.2707,3059.2118,3666.6152,1
2984.6979,4153.3021,3280.25,2992.4375,3153.7813,3105.7708,3218.6563,3019.0345,4541.2495,3640.3226,3663.5334,3151.3654,3825.3045,2869.9016,1
3479.5521,3357.8167,3923.3167,3773.4833,3056.8854,3536.6979,3908.3854,4048.9846,3248.8132,4118.327,3756.7013,2927.4409,3570.3322,3914.7843,1
3552.3229,4557.8229,4083.9063,4128.2083,3880.175,3714.45,4759.0833,4259.1439,4957.9895,4772.7506,5192.4224,4722.0782,4643.3054,5358.0123,1
4144.275,3653.125,3583.5729,3199.5,4063.8542,3146.6875,3409.1333,4854.3222,4824.8858,4452.4801,4009.2102,5060.83,4521.1597,3987.5292,1
3688.25,3146.4688,3321.6667,3551.7917,3472.7917,3382.1354,3503.8438,4863.49,3910.7282,4515.0798,4332.8373,4401.848,4467.8697,4104.2617,1
3731.1667,2636.4167,0,0,3435.8333,2686.1667,2346.25,4646.2868,3583.4027,0,0,3885.355,3544.1757,2951.6187,1
2737.4375,2829.375,2718.5,2945.1528,3175.7604,2985.9583,3004.4583,2663.5347,3074.7266,2626.3495,2956.9248,3219.6138,3101.786,2699.4431,1
2686.9167,2501.5833,2330.075,2856.05,3194.0208,2430.6354,1947.6563,3196.6265,2957.0933,3248.4642,4271.2697,3586.8303,3028.8614,2626.4266,1
2918.5,2377.3333,2620.1771,2411.6875,2315.5167,2429.0917,3090.3583,4492.5336,3914.3514,3774.7837,3617.8018,3848.6483,3829.8726,4323.8298,1
1525.8833,2386.2333,1660.5833,2342.7917,1967.5625,1292.75,2498.4375,1250.2381,2108.3559,1446.849,1951.6571,2192.0322,670.8654,2508.2501,1
2577.3438,3044.6354,2493.7083,3205.4333,2387.7583,1864.5208,3176.1354,2935.1495,3508.7848,2408.2313,2982.0281,2679.8755,2131.1224,3149.9481,1
7271.1667,7801.9688,7305.1667,7087.7813,7597.8229,7570.1979,7491.4479,5167.3134,6564.4318,5637.7164,5344.1039,5382.6968,4959.7301,5351.8098,2
9955.0104,8223.375,7553.75,7804.7708,7356.1458,6976.625,7368.125,6110.5195,7179.0426,6027.677,6109.5006,5089.2325,4240.0042,4716.509,2
4459.2083,4477.75,3639.2292,4579.9167,4129.6146,3926.2396,3591.1875,2892.7286,3194.3595,1793.4532,2914.222,2830.5013,2693.8174,1680.7859,1
5658.6389,5488.0521,5439.8646,5536.3542,5309.0208,5368.9167,6164.4792,4015.7037,4031.1018,4003.4975,3723.1321,3837.3524,4451.4981,5458.7229,4
4646.7292,5143.3438,4178.0208,4956.4688,5867.8646,4915.4896,4525.4792,5489.974,5890.1311,4828.829,4727.1927,5498.5572,6561.5947,5446.892,3
6216.0313,3944.4896,4920.4792,3718.3229,4577.0104,4119.7361,5372.6389,6388.231,3622.7435,3856.0396,3312.3252,3770.1574,4049.8846,3729.8146,1
752.875,836.3125,745.75,693.3958,910.1042,888.9792,1020.0,660.6587,1269.9911,699.0151,669.5089,1241.0847,1254.3619,1334.7787,1
10190.4167,8108.4861,7392.625,7976.1458,8984.1354,11114.1979,9810.6354,10522.3235,7178.9396,9915.9985,8140.4297,13130.65,11141.2165,9694.3936,2
5575.4375,5375.5833,4807.0521,5053.875,4399.8958,4795.8646,4548.1771,3531.2664,4170.1801,3301.501,3264.6241,3016.7735,3254.5522,2850.1342,4
4770.5521,4518.625,4818.2188,4886.5417,4273.1563,4805.5104,5031.4479,2757.8955,2484.1462,2634.0426,2579.4234,1824.8582,2066.5366,2181.1244,2
3071.3125,3252.0417,3070.6354,3460.7917,3303.0,3142.7083,2710.5313,2883.4702,2706.6067,2228.9411,3069.2788,3163.2025,2795.2938,1689.2238,3
6456.25,7040.75,8281.9896,7655.625,7686.0313,4574.6667,5868.625,7098.6043,7418.2636,8011.3596,6867.0623,8637.5426,5111.5239,6048.3594,3
1847.9896,2006.625,1776.3646,2054.25,1746.6146,1632.9479,1540.3854,2855.269,3664.7253,2522.1587,3155.523,2278.5584,2041.356,1860.4946,1
5377.1875,5703.5556,5363.6458,4952.2917,5140.0729,4929.7292,5642.4375,3353.5562,3349.953,3495.9769,3840.9827,2536.2597,3896.1821,4147.1323,2
4299.25,4139.3125,4151.8438,4121.3125,4278.0625,5473.4063,4839.3438,2100.7163,2505.1201,2148.5975,2444.7741,2242.9874,3259.3334,2998.7567,4
10803.4583,8966.5417,9247.625,9254.1979,8161.5729,9104.4271,8805.1042,9454.4904,7173.799,8408.6965,7378.8644,6637.9766,7947.0067,7936.0973,2
2651.7083,2647.4167,2514.4583,2754.6563,2444.1667,3140.3646,4274.6458,2794.9596,1925.5143,1646.9916,2097.6391,1548.0991,1564.2206,4395.3708,3
10923.9583,8867.1528,9209.0313,8055.9167,9454.6979,8158.9063,7961.25,11390.3997,11332.2691,9752.0597,10398.8374,10872.0492,9536.648,10819.2827,1
4179.9479,4043.2188,3716.6979,4188.9444,4022.0,4085.8333,5207.9479,3229.6585,3003.602,2707.3691,2496.893,2951.6228,3298.3826,4495.5878,2
7918.7917,4675.4896,8517.3854,5995.2083,11880.5625,10768.1667,9252.6458,11176.8679,6808.7321,9939.5307,6692.982,15151.1826,15153.3314,12767.3195,4
7603.1563,8522.0833,7736.2361,9502.5417,10493.0313,9626.8229,14645.6979,5400.092,6199.8158,5226.9212,6892.4468,5901.0511,6010.4603,8644.9639,3
4668.3542,5326.2604,6081.4479,5510.9583,6150.0938,3292.3889,3955.9444,4399.9226,4458.079,5373.6941,5451.9516,5227.1486,3007.9673,4079.308,6
5884.5139,6455.125,3148.7639,3018.8333,2545.8194,3031.8889,2685.4722,6756.6742,10255.1708,5361.032,5334.8478,3936.581,4653.1434,4558.6337,2
696.2396,407.6458,566.6167,526.3438,429.3125,1584.6146,432.6146,1308.5122,402.4498,1015.4075,1020.8742,488.7187,2161.9256,809.3066,2
881.0833,985.3229,790.6771,879.7778,867.5104,1528.3125,961.2292,944.8871,1384.3633,841.5825,780.4888,1192.4217,3758.8835,1698.752,1
6887.1806,7033.6528,7615.2917,9388.5556,9114.5104,7679.6875,9113.2604,6068.2252,5969.1044,4934.0734,7779.3556,7543.2154,5000.149,9071.8282,5
5498.5313,4877.1667,4883.8472,6344.7604,6216.8021,7112.4375,6879.25,7539.2038,5744.1807,6043.6256,7488.2571,6659.3993,7695.9867,7710.4836,4
4805.6354,4562.9688,4561.7083,5378.2361,5726.0938,5665.7708,4999.5208,2876.4006,3280.5457,3139.6102,4355.3493,4667.3239,4854.3666,3584.9762,3
2155.4375,1594.6667,1860.3611,1635.4306,1984.1944,2000.1875,2303.2396,2402.7902,1048.6046,1408.6481,1376.4239,1749.8193,1097.9897,1867.9421,1
4279.9896,3669.7396,3507.6979,3925.2917,4570.7708,4650.0,6538.2813,4389.7943,3934.7705,3589.1463,4129.619,4482.51,6060.245,7706.9166,2
5174.2292,6455.1146,8031.1354,7517.5694,7925.3125,6839.625,5273.1042,2501.6986,3625.6962,4144.0314,3859.415,3878.2675,3623.5588,2369.0026,2
2842.7639,3356.8611,3004.9722,2956.7778,3021.1771,3088.4792,3437.8611,1105.3299,1682.3317,2314.383,1644.5279,1852.6383,2013.3933,1551.2178,1
8084.4167,8840.1771,9141.4583,8834.9271,7513.5313,10238.9271,11918.2604,4692.1008,5388.2789,5707.8252,6221.0304,4353.8091,6375.2229,7665.5627,4
6929.7361,5159.1111,6061.5139,5883.2396,4946.7083,7050.2813,7530.9792,6401.546,4932.531,5127.7516,6245.0538,4342.5686,7375.8753,7213.0908,2
4623.7083,4717.1111,3852.0,4313.9167,4341.1042,4360.2083,5836.5833,3918.92,4115.8255,3204.3155,3768.9108,4519.816,4336.7425,6042.0658,3
4498.8854,3828.1875,4537.7604,3365.2813,3799.7222,3755.5139,4915.8194,3655.2184,2863.6662,5286.4569,3040.9839,2663.4144,3085.3156,5098.8628,4
1807.2188,2374.3854,2869.7917,2506.2396,2754.2813,2828.5,2785.8021,1896.8264,1939.915,2582.9919,2955.4944,2702.0959,3267.4009,3162.1081,1
5360.4479,6401.625,6289.0521,5938.1563,8090.6979,5869.8021,4677.5,5480.7709,6371.9559,6234.4904,5828.2009,7659.8352,7040.8893,5025.1928,2
3551.8021,3835.2083,3058.2188,3561.2396,2684.5556,4548.0729,4051.9792,3514.5549,3508.5894,3091.8878,3621.7823,2464.3682,4186.033,3462.1739,2
2841.4167,2575.1528,2695.8542,3070.4479,4340.2292,2438.2396,2396.9375,2673.6764,2256.1324,2277.0849,2798.1194,4398.5822,2378.4658,2517.689,1
10815.1667,14199.0,11564.3438,10622.3194,12076.875,15197.2222,11602.0,10297.4883,11441.6591,10309.9582,8832.0726,12248.4549,14392.8568,9788.6661,1
7920.8125,6018.1771,7940.0938,10452.0938,10049.7917,9363.8854,10732.2188,6763.2144,5432.9008,6676.8755,7442.5693,8287.2591,8187.3191,9977.241,3
9170.9792,8952.3021,9706.0729,9101.7396,8948.0729,9131.7083,8857.3646,11196.8589,11109.67,11613.454,10854.3778,10950.2374,11236.1729,11130.5284,1
5601.5833,4156.4167,4736.0729,4872.5833,4224.1458,4800.3125,4281.625,4941.8362,3342.6473,4551.3228,4439.9672,2918.4993,4713.9249,3947.7195,4
2466.9375,3501.5521,2426.0313,2922.3542,4330.4306,4345.9375,5408.9792,1977.1077,4050.7328,2722.5545,3567.9265,4896.9437,4911.0639,5736.8569,1
3965.3125,3195.0938,4690.6042,4274.5625,3197.5938,2980.9167,3694.4479,3905.4899,3229.0754,4733.2564,4122.2664,2575.4343,2858.7066,4232.8304,4
3207.25,2919.125,2501.0521,2656.5417,2679.0729,3224.7083,2777.4063,4999.0798,3657.6478,3241.8894,3423.5603,3360.058,3896.6754,3569.9067,2
4026.0729,4500.5521,3246.6875,3465.4479,3371.1667,3904.2083,4104.8333,3828.0621,4522.8601,3490.8331,3555.4979,3183.4357,3788.3734,3838.0673,1
5853.625,5352.7708,4021.0313,5295.5,3733.0139,4256.6563,4724.8021,6758.7113,5713.2186,4612.4063,6402.5615,3947.0876,6417.3673,6843.0502,4
4294.1667,3625.1146,3297.2222,4567.6563,4106.0833,3021.5,3218.3854,4024.6339,3466.0178,2753.0447,4708.7832,3969.8674,2347.2402,2603.4064,2
1932.75,1916.9375,2103.9167,1678.7292,1661.3542,1735.0729,1889.4167,1556.0724,1826.3248,1820.628,1115.0664,1137.0729,1108.4518,1673.5717,1
2127.0625,2078.8542,1975.0139,2173.9375,2029.7917,2077.6146,2244.7188,1765.8339,1702.2614,1568.7548,1839.1525,1485.9748,1950.0635,1496.9337,1
4974.1667,4768.6667,5016.3229,4713.3958,5119.1042,4818.7917,7575.5313,5493.5465,4734.1607,5407.2722,5473.0123,4636.7677,4040.1266,6943.3647,2
4757.4444,5411.4792,4495.3125,3367.4063,4599.9375,5054.4583,5643.4271,6154.3383,7223.9708,7030.4649,4008.4549,4770.3585,7152.9629,7157.6202,3
4024.625,4796.9792,5480.6806,5610.6979,4152.5729,4599.5104,5878.1146,2960.0709,3914.3621,4399.8317,4163.8035,2816.5937,4078.3662,4674.4284,4
5234.0625,5190.6563,4772.375,5216.8333,4750.4688,7273.125,7060.3021,3565.2767,3715.1822,3637.1353,4442.8568,3807.9259,6151.9404,5007.5651,4
4773.6042,3883.1563,4185.5521,4039.3542,4948.3333,4324.2708,4253.2813,2559.4,2072.7253,2672.6058,2231.8985,2959.1363,3950.7283,2859.3121,2
1991.4861,1872.4167,1823.5833,2365.3542,1607.4271,1249.5417,1377.9896,2935.5853,2530.3908,2688.4519,3385.4736,2362.6376,2147.7481,2237.1516,1
2456.3021,2524.5833,2623.8229,2262.8125,2581.5729,2551.1458,2682.0833,1860.3188,1659.6078,2205.9825,1187.3321,2000.298,1821.9792,2875.5463,2
1999.7708,2030.3229,1610.4583,1810.1875,1879.8333,1673.4063,1964.3021,1328.038,1617.8007,1082.9399,1228.9655,1499.5878,876.8404,1109.7289,1
1770.8542,1548.2292,1572.4688,1835.6875,1566.5208,1396.9583,1556.9792,2160.9289,1757.9605,1866.508,1869.3761,1487.3435,1603.7812,1760.0187,1
2070.4722,2066.25,1713.5833,1971.3021,1725.4583,1941.3125,1919.6979,1447.2517,1554.3573,927.0716,1197.5964,984.324,1370.6363,1504.7962,2
2010.625,2358.1042,3238.25,3025.6944,2106.75,1696.9167,1703.7292,801.5572,1263.3623,3241.4776,2503.6755,1165.8822,274.9351,235.0022,2
2423.4444,2585.8958,2454.2708,2390.6563,2345.8542,2610.6146,2559.5729,1905.7992,2204.8242,1743.2609,1515.607,2112.7236,2096.7779,1727.9494,1
2557.9375,2896.7292,5357.9479,3815.9271,3570.4479,2883.8229,1735.0625,4442.2128,3774.8931,6414.8929,4613.6075,4781.9365,4465.5095,2430.9193,3
3135.3646,3108.5938,3435.0833,3638.1563,3344.4583,3250.3021,3378.2813,2381.9665,2238.8045,2205.3651,2538.041,2457.6391,2343.689,2153.7493,2
3315.8125,3288.2604,3437.3958,2747.6875,2192.75,3145.6667,3191.3854,3340.1549,3756.4352,4098.5313,3361.7223,2091.2753,3598.3918,3242.4648,2
1539.0417,1422.3125,1637.625,1491.0556,1699.6667,1343.8646,1161.1563,1113.5657,1348.312,1592.3727,1063.6679,2058.7542,1380.6349,1189.7906,3
6706.375,7028.9375,7056.1389,8241.1111,6015.0938,9377.6354,8920.0938,5228.3359,5627.8779,6292.4026,6794.5072,4134.9782,7441.2166,6935.5347,2
5146.9688,5572.0833,5929.5417,5865.0208,5715.3229,6368.4063,6170.0833,3652.539,3656.0799,3933.4885,3287.2162,3823.2378,3835.3377,4195.4405,4
7784.8438,4778.7917,5106.5104,4639.7188,7534.2604,4718.6458,5214.4792,9978.9221,8166.4351,7316.0796,7739.8848,9378.4175,6915.0462,7520.2136,2
2190.0833,2109.6354,2274.5417,2160.6146,2230.5208,2257.8646,2936.5104,884.882,776.8532,784.1727,805.7206,823.2106,1090.6821,2384.2419,2
1024.6875,1123.0625,1202.1944,1219.6667,1062.8542,1326.7083,1170.75,804.0913,609.728,909.3473,906.9339,620.8439,869.2762,601.1588,1
1813.4375,1920.0521,1964.1389,2067.625,2368.6563,1783.375,2076.5938,808.1648,1281.9629,1055.5733,1563.4543,2121.0397,1110.7128,1534.4201,1
7320.6875,6582.8333,6658.1458,6085.8438,7315.9583,5734.4479,7986.2188,8073.4744,6964.5773,7525.6485,7115.826,7728.1902,7139.6211,8946.1207,2
5038.5833,5552.0104,6083.6146,6434.6354,5771.1667,5349.125,6763.2604,4449.6746,5430.1785,6640.9033,6088.297,6389.6927,5448.9219,6996.7929,6
1953.4271,1904.1042,1925.8646,1920.3333,1635.7222,1571.9896,1807.0833,1528.7438,1131.6743,1345.6999,1334.2207,1183.8858,936.4164,1294.1625,2
3845.0833,3201.0833,3835.5625,3550.9167,3664.6667,4221.6458,3402.9063,4167.5441,3379.0859,3418.0995,3081.112,3657.9621,4502.2236,3742.7891,4
8181.0694,7182.4167,5477.0521,4792.7813,8491.0417,6463.4375,7049.5313,8118.3269,9070.1444,6315.9852,5649.5344,8273.4305,6855.2024,7940.4259,4
2570.0729,2908.2604,2414.0417,2255.3646,2145.8542,2318.5208,2582.8646,2920.0603,3708.3813,3209.8503,3223.0377,2461.5562,2443.5561,3004.5899,3
4001.875,4742.0729,4874.5521,4552.0833,5342.8646,4281.2708,5694.4375,3131.5421,3597.3254,4818.3467,3597.1333,4477.7193,3627.3136,5272.6189,2
2979.5833,2731.2604,2104.4063,2246.3229,2660.5729,3142.7188,3160.1458,2873.8058,3359.0906,2220.2817,2395.1212,3175.6628,3240.8184,3073.2668,1
17250.5625,16504.8333,17019.9167,14413.2188,15063.7292,15930.5625,15147.6667,22911.3831,19732.4046,21816.4395,19954.9826,22565.8793,22132.6318,19465.0591,2
2909.8333,2388.2917,2717.8438,2477.6528,2403.7604,2539.6354,2284.9167,2765.826,1491.338,1523.2728,1619.2052,1812.0653,2333.1844,1525.3104,1
3349.0,3477.1111,4798.1979,4967.1458,3462.5104,3311.9271,4127.1875,2099.786,2741.4579,4909.5096,4699.9931,3640.1814,2921.1616,4714.4709,2
5015.6667,4961.2917,3429.6354,5089.5938,3515.8542,4226.8646,4876.6042,4215.992,3805.148,2276.4883,3905.1569,2163.1223,2911.7091,3514.5609,2
4445.6354,4369.3958,4321.8542,3910.0833,3780.9792,4079.6875,4382.8542,5451.4284,4489.0684,4374.8547,4820.637,4672.1464,5128.0139,4749.5664,4
1417.3542,1165.8229,1233.4063,1277.25,1255.5167,1155.9417,1434.6917,1313.0881,860.7452,1061.0828,1069.9518,966.7284,1105.6876,1495.7067,1
8688.5972,8332.4167,7245.1806,8574.875,7447.4167,10080.375,8085.8333,5541.1741,6121.4083,6405.9452,6670.3498,5708.2002,8699.3509,6099.2736,3
18043.4792,17334.5938,17920.9583,18436.8333,16624.8854,23402.2813,25182.375,6608.4665,5598.7137,5792.425,5697.4568,7353.8884,13771.6305,15012.7513,3
5601.3611,6557.0417,8894.7604,7599.3333,5385.7917,7057.2083,5718.1458,3522.7694,4385.5779,7424.2274,6120.0568,4142.3471,5613.8037,4854.831,5
7262.5,6194.8229,7102.5417,7197.1146,6684.1979,7397.2604,7114.4583,5725.0501,4643.6334,5393.6689,5350.141,4774.9748,5438.1432,5549.2805,6
4188.0,5136.9479,4066.6979,4822.5104,6462.0313,7610.5938,4000.6875,4460.5352,5589.7445,4546.8299,4748.0497,6643.5289,6797.8681,4422.0508,2
7181.4583,5127.2396,5703.4688,3752.75,4570.2604,5715.2188,7586.3542,8925.1809,6543.7779,8399.7124,5276.8825,5621.2269,7431.8789,7897.16,2
10138.6563,7993.6354,13469.125,7933.6806,9183.9688,11738.2292,11836.6146,9902.8302,10543.5132,18232.013,8895.9039,10304.3454,13359.732,13080.1728,4
1716.3021,1562.1458,1319.3646,2038.9722,1346.0938,1662.0104,1655.5208,1515.8894,1592.3413,820.458,2107.9558,933.3991,2261.5301,1779.4923,2
3012.1354,3033.5313,2901.4063,3003.4444,3138.7292,3045.2188,3058.8646,1265.6675,1212.8065,1160.2631,1272.333,1443.2799,1341.5924,1248.2085,1
7322.0417,5774.6458,5463.8958,4806.7639,6335.9861,5804.4271,6211.8438,5633.1434,5186.8443,4235.1277,3848.1814,5368.3205,4571.21,5039.3615,3
1779.625,1659.9479,2004.4792,2185.4306,2156.1875,2094.6667,2208.5938,1549.8052,1411.9502,1545.0121,2002.0898,1629.4502,1533.0607,1475.864,1
4832.0729,3354.3854,3285.9479,4273.2917,6565.2778,4933.8854,4625.7083,2809.0113,2812.0407,2387.356,3479.4028,3274.2015,3328.2632,2810.7975,2
2858.375,2260.2639,2372.3646,2428.25,2083.2188,2198.3229,2854.4583,3078.2889,1981.0975,1916.5457,2695.4404,2224.1371,2020.0202,3916.0873,2
3787.7083,5379.2813,4747.15,4011.7167,3981.5,4520.3917,5235.2917,3939.6721,6376.9784,5353.6762,4179.799,4147.5191,4457.5148,4816.2568,4
4620.5694,3679.3958,3730.1354,4769.1563,4024.2604,4902.75,4231.5104,3751.7534,2977.4083,2946.8216,4064.8685,3224.9241,5128.0153,2791.513,2
1553.2396,932.7222,892.7361,950.9444,836.2222,1180.375,910.6667,1980.5629,1039.9686,1097.1171,875.6337,607.799,1477.7341,1203.4415,1
6120.9583,6942.2083,5157.875,6488.4167,6381.9028,6838.1667,6773.7292,5815.3356,6048.7076,3649.0499,4894.8746,5015.5317,5074.5929,4839.4908,4
4184.3417,4577.1917,3760.725,3578.125,6394.7708,4102.0583,6222.6083,5266.7592,5742.603,4429.8375,4548.8626,6674.2188,5673.4656,6881.1713,4
2939.1875,2317.5,2310.1979,2996.1354,2328.3895,2602.6354,2669.25,2401.6279,1196.9953,1818.5406,2229.3062,1497.2628,1889.7099,2115.619,1
4520.1083,4181.6667,4956.675,4406.3667,6270.9271,4665.35,3943.8583,4283.5328,3769.4694,4472.8292,4543.3192,4107.0264,3859.8274,3382.6346,3
6454.8229,7794.1354,7803.0729,7071.7396,7437.6667,6124.7604,7320.8958,5779.839,7096.3274,7541.9944,7490.0813,8105.4085,5929.756,7634.2234,3
3128.3854,2586.3854,2261.4792,2922.0729,2807.587,3501.2604,3007.2708,3163.9022,2475.5453,1759.919,2264.5754,1908.7641,3516.0074,2994.8251,2
2066.125,1827.9271,1694.3542,1752.1146,2167.2708,2160.6875,1693.2292,2229.7442,1992.358,1273.3134,1634.1534,3157.4034,2463.7122,2081.812,1
8291.6667,7220.2083,5997.5938,8243.5139,7341.8854,13240.6458,12818.2083,11466.4624,10959.764,10711.201,13119.9907,10529.0438,15071.7454,14427.3633,4
5757.4063,5263.7778,5041.875,5470.8854,5447.3542,6462.4479,6815.3021,6150.8227,5274.909,6012.6246,6334.217,5565.3768,6604.039,7364.1022,3
4185.2813,4558.3472,6017.6389,5821.125,4204.5729,4286.6563,5398.0208,3548.9762,3991.612,6507.3501,6465.0161,4149.3725,4174.6513,5756.0421,3
7355.6146,4762.3438,5178.3229,4929.7917,6109.1146,5509.5833,4903.9479,6818.777,2592.9916,3264.0923,3157.9572,4541.1936,3483.6919,2991.7922,2
4188.4583,3664.5313,4621.5625,3317.7813,4054.5833,2751.3542,4156.3646,4983.5223,4797.6278,6144.4848,3656.0774,5213.1298,2633.3702,4943.1735,5
5084.6563,3320.3194,4054.0,3822.6146,4017.9063,3890.4375,3426.3646,14239.1737,12380.2513,11527.8777,14185.1743,12394.5375,11934.8793,9788.0968,1
2205.2188,1817.625,2051.9375,1721.3229,2356.2604,2648.125,2831.8333,2275.4479,1894.4166,2589.318,1832.1872,2528.4375,2934.1371,2384.3523,1
4247.3889,3859.7604,3942.9583,4187.4583,5787.0208,6101.1146,5408.9375,2741.2039,1977.0804,2623.6001,2578.7176,3864.221,3565.1626,3457.8576,3
3779.5104,3299.1806,2856.2292,3139.0208,3170.8542,2845.0,3403.3958,4656.3559,3864.1185,3561.2256,4234.9167,4097.6734,3190.8169,3774.0086,3
3598.0833,2938.0104,3320.5521,3374.9861,4097.4479,3438.3438,4062.3021,2840.0661,2297.4086,2945.192,2881.0712,3422.9801,3342.4069,3170.2965,1
3452.7708,4289.9688,3481.6771,3827.7396,4148.1146,5385.875,5298.9167,1747.9441,3773.8947,2032.1049,2229.5048,3817.0019,5319.414,6007.3566,4
1659.8021,1283.8056,1282.5938,1336.4896,1335.125,1534.0625,1307.0208,1526.2105,636.5958,569.476,640.3643,547.4021,606.3105,809.6128,1
7601.9583,5662.1979,6078.2396,7027.3229,10543.6875,6230.8125,10156.6667,7652.5159,5372.6939,5120.701,6435.0209,9863.6364,4193.3544,8740.0113,5
3534.2708,2951.4063,4443.2396,3822.2604,4114.4896,2989.2292,4198.3854,2865.1387,2433.215,4372.5042,3234.6628,4749.3056,2608.5357,4938.2207,2
5173.6042,5252.7188,6109.3333,6458.2396,6731.6354,5670.7604,4973.1563,3585.7205,3385.6659,4538.9487,4760.3441,4512.2051,3913.2619,3214.5416,2
1364.9063,1307.5833,1444.5521,1483.4583,1606.8333,1375.6771,1523.9271,593.0104,526.5645,645.8293,824.9652,772.0647,608.777,652.9936,1
3618.75,3771.8333,3676.4167,4102.1875,3512.75,3316.9583,3830.625,2418.8366,2739.8742,2234.3336,3512.7393,2385.0947,2274.9386,3263.1737,2
887.8333,1070.875,809.625,842.0833,898.25,813.5,789.125,1091.5997,1174.1963,687.7994,633.5719,627.2807,651.1249,772.9609,1
2609.6833,2317.7917,2596.6583,2463.6917,2458.3229,2416.8333,2410.6167,2432.9149,1900.3953,2190.9965,2287.2488,2112.852,2203.4596,2354.9493,4
3335.1667,3450.5583,3905.7292,2852.4083,3740.5083,4052.275,3376.2333,3558.518,2854.9468,4480.2452,3453.9965,4016.9198,3861.6315,3244.3807,3
1326.8833,1153.0917,1470.9097,1420.1833,1367.4,1493.65,1948.3,1154.9868,925.7919,1221.3398,1155.0138,1139.7285,868.0403,2031.1168,2
1657.5333,2061.5556,2278.6528,1761.8472,1620.3417,2685.275,2390.2167,1970.6286,2709.2973,2947.882,2408.8745,2210.0223,2763.7518,2676.7248,4
3299.7417,2363.6111,2547.7292,3970.2014,2667.5917,2968.125,5251.6167,3038.2988,1906.5556,2299.8543,5148.0441,2212.1871,2847.3219,5744.5192,1
3871.5417,4099.025,3977.5167,3812.6875,4006.7083,4534.8819,3257.4375,2470.275,2840.095,2946.3283,2543.3908,2517.3315,3601.5026,1881.6643,2
3441.6917,3456.6167,3567.7569,3252.2917,3339.8681,3431.2986,3435.8056,1891.2997,2134.4863,2129.0818,1842.5492,2370.5188,2062.5274,1926.1087,2
2170.0417,3359.8333,3023.1667,2633.8646,2402.6458,2733.2396,2257.2708,1590.0669,2388.1665,2093.7448,3324.5474,1811.8583,1918.3681,2077.2706,2
4837.7708,4345.25,3934.7917,3688.5417,3730.2604,4072.1979,4438.3958,4167.0831,3469.6717,3137.6206,2716.0561,2683.4898,3266.0543,4419.5489,2
5452.6354,4858.6771,5694.5417,5634.4167,4484.4167,4966.1354,6083.0208,4365.8974,3672.7352,4987.0029,5106.0163,3239.129,4727.2428,4945.252,3
2212.6042,2477.3854,2459.125,2818.2917,2310.2708,2125.8229,2173.8333,1789.2584,2340.5397,1869.4919,2400.4897,1876.8481,1776.4523,1765.1503,1
1764.7813,1643.8542,1771.5313,1704.1583,1877.675,2069.1333,2023.4583,1903.955,2471.1356,2909.8349,2138.7509,2228.4775,2625.3594,2306.435,5
4210.1563,4792.0729,4416.0104,4286.0521,3349.2708,3221.1042,4464.6563,3414.7971,4007.5772,3778.8697,3500.5555,3484.8064,3302.0736,4214.7036,1
4029.1146,4656.9583,4110.0521,4366.5313,4334.3021,4030.5208,7225.875,4047.5377,5466.3941,3897.7604,5042.1509,4373.8239,3798.9797,7248.5706,2
6448.2222,5814.5104,5189.4063,5093.8333,7169.7188,7261.875,5196.3889,6281.5026,5254.5266,4280.802,4203.0532,5670.1662,6265.1682,4324.2985,4
6062.2604,3980.0833,4683.9792,4600.6771,5784.3333,4340.4271,3110.5694,6435.7562,3502.641,5604.4177,5205.2006,6399.9275,4646.7715,3133.0727,2
5435.75,4171.5,4395.0833,5077.0625,5200.6771,4201.5417,5903.1979,5423.3807,4731.6805,4596.8483,4847.1157,4817.2586,4321.6288,6701.7011,2
4810.6354,3823.0521,4651.1875,4718.0208,4576.5625,3923.7813,3744.3854,2797.7609,2297.5575,2885.1897,3200.4059,2869.6127,1875.544,1939.9993,1
4478.5313,4471.25,5596.0104,4201.2813,4991.6667,5243.1458,5577.8854,3006.2774,4406.5832,5127.7658,4450.6908,5343.0364,4542.7581,5689.0096,2
4811.625,5954.2083,5319.375,4925.5694,6445.6389,5497.3854,5962.2917,4537.3049,4638.2043,4058.4322,3130.3047,4705.6561,4480.9625,4186.2474,2
4906.6146,4479.0417,4633.4896,5835.6667,4797.8958,5266.125,6136.5104,3748.4079,3546.0084,4329.5646,5068.5095,4216.8455,5195.2937,6658.522,2
3716.875,3449.7639,3402.6667,3922.2708,3574.1979,3509.6771,3403.125,3337.7285,2696.9237,2242.7537,3535.6759,2519.624,3220.4726,2674.7769,1
9494.5208,10932.8472,11054.9306,9092.4861,9453.1458,8794.4792,10502.9479,5796.7511,7943.4869,5081.7812,5101.1681,5710.4231,5414.675,8408.2183,2
6028.5208,5745.6563,5609.2604,5811.9896,5844.4896,6446.7604,5351.8229,5232.7286,4818.5339,4947.3924,4923.832,4623.7894,7269.9623,4592.7707,2
11705.8125,10813.4722,10859.1806,9262.0938,8798.5,10071.7708,10824.5625,6447.0025,6353.6904,5421.5916,5094.4152,5583.0316,6467.0646,7787.1248,3
6113.8083,4313.8833,4061.3167,6435.6042,3682.775,6698.725,6194.5667,7100.1674,5362.8628,5170.0421,6891.1478,4705.7321,7274.0168,7394.5367,4
4939.5347,4255.4048,4243.4286,4392.3512,4600.2917,5645.4306,5837.6319,4030.6932,3569.2051,3984.5422,3806.7915,4044.5857,4584.7294,4364.3514,4
5038.0,5767.1146,5995.3229,4944.3083,5582.4917,5706.175,5454.5,5430.7289,6062.3116,5515.6385,5334.2454,6490.2247,6936.4236,7053.4889,4
1972.4083,1343.9167,1803.9688,2524.0,1951.0,2206.0083,1882.85,1343.6389,1079.8523,996.1896,2634.2949,1302.7746,1826.2498,1279.7441,1
6574.2396,6664.6979,6675.9444,6261.9444,7253.0833,5724.1979,6364.5417,3732.3331,3294.2332,3738.8364,3938.6576,4291.2661,3082.3615,4230.7835,2
8603.6875,7290.5972,9234.5521,9027.8542,8820.3958,9274.4167,10439.5,4225.0164,2806.0556,3967.7244,4787.9673,4649.4713,5622.2109,5758.7875,4
5174.3958,4785.3229,3883.0938,4135.8854,4475.3438,5467.6667,6555.0,4273.8674,4334.7165,3206.168,4435.1024,4098.8677,4879.9703,5687.9954,5
2767.0417,2234.0625,2795.4896,2676.8021,2424.9167,2244.4063,3056.6875,3291.2237,881.0024,3809.9827,2880.8027,1033.9694,852.2873,4236.3988,1
10679.8958,10666.4688,10868.3646,10640.8438,13314.4028,8000.2083,9715.5417,9077.6698,9127.4867,8991.1426,8843.8332,10063.5055,8862.7064,10139.4945,4
3106.925,3106.4097,2861.6917,3134.925,2986.1583,3407.675,3300.6917,1874.1849,1776.7683,1213.995,1792.1694,1452.0339,2121.7061,1741.0476,2
6000.9583,5784.3611,5430.3611,5198.8889,5633.6389,5456.0,4730.5417,3747.776,4006.343,3277.8601,3283.8926,3881.01,3374.4974,2811.4336,1
2532.4375,2609.0625,2153.3438,2348.875,2278.6667,2178.7292,2135.2813,1755.6944,1750.0214,1113.6298,1477.1628,1553.0599,1471.4093,1361.5398,2
6637.875,5697.1563,5444.7778,4595.8646,4732.4167,6686.7917,4760.375,7611.2499,6783.4814,4244.226,3997.1085,4250.2718,5737.8626,5152.5989,3
4411.0521,5303.1667,4139.2813,4007.7604,4360.1771,3841.6458,4355.375,3864.7299,5627.3226,3213.4634,2866.593,3410.6451,2347.686,3220.5488,2
3385.0208,3371.125,3355.3125,3545.9792,3528.0729,4031.7917,3505.1146,2241.7897,2351.9939,2250.2251,2511.8581,2273.1751,3018.5562,2611.2131,6
2442.75,2525.5208,2525.8854,2396.3021,2281.0313,2447.1979,2154.4063,1598.0694,1522.5939,1592.162,1511.704,1432.2543,1565.2643,1141.9657,4
655.1875,1053.8889,1724.3542,1011.25,1120.5729,777.5,647.2917,785.631,1611.5249,2844.1595,1605.8503,2079.6324,1077.523,696.4011,1
2719.9688,3599.9306,3298.875,1961.4063,2287.3021,1624.0833,1615.3854,3245.5183,5213.8156,4010.1966,1233.0024,3676.4533,1479.4288,1976.211,2
1971.8333,2047.0313,1908.1563,1832.5625,1800.8194,1905.6146,2301.1146,1812.6127,1529.9795,1527.3845,1176.0935,1237.0994,1477.8809,2402.4034,1
2685.8854,2813.9792,3038.1667,2977.9375,3688.125,3689.2083,3377.7083,2551.2188,2793.936,2689.4038,2907.9211,4870.4325,2918.8475,3016.67,4
2679.5833,2018.6146,2150.7604,2350.5833,2009.8958,3228.875,3280.4479,3038.2243,2614.0462,2689.6844,3018.9463,2176.5949,3759.8432,3856.5894,1
8705.2604,8518.3021,9454.125,8546.6146,9400.1458,8935.7083,8686.0417,4192.4891,4281.4829,4373.7965,3621.061,4216.6845,3680.813,3536.0047,4
7761.375,9390.4722,5813.1354,8302.8438,5398.0521,7026.8021,7371.5521,6877.7334,8129.2598,3843.7684,7674.7533,3952.0708,8206.9966,5874.4164,4
7168.375,6520.8056,5205.8646,4318.7604,4279.1563,4016.7396,5355.6979,9808.6789,9235.3209,6156.3654,5685.5729,7330.1965,5188.3994,6117.3816,2
3213.4688,3566.1458,2901.0833,3403.4583,3385.3229,3602.5104,3994.0208,1867.0119,1817.321,1716.27,1754.5706,2344.5211,1764.4829,2312.7132,4
2763.5938,2474.1875,2625.8958,2851.1458,3002.6979,2767.6563,2895.2708,4374.3196,3534.6395,3972.3055,3711.5669,4004.0651,3810.7204,3926.8611,1
4211.8854,3557.6354,2930.9861,3360.5521,3250.7917,3810.5625,3433.8125,3770.4521,2664.0101,2413.3237,2203.2933,2975.4132,3297.9131,3281.8651,6
5375.0,5935.375,5641.0833,5389.4063,6050.1354,5840.1458,6509.4792,3776.6458,4653.0709,4242.2118,4377.7498,4048.5167,4273.3303,4681.9571,3
4846.625,4825.2708,4307.5139,4322.7188,4313.2708,4884.3542,3991.1979,4164.1833,3793.741,3188.2179,3358.996,3929.2404,4394.0859,3293.7828,2
1516.875,1646.4896,1840.6563,1954.3854,1612.5729,1418.4063,1454.8333,619.2477,844.3993,955.058,969.1468,757.6255,428.0889,484.5308,1
3961.4688,4324.4583,4279.7604,5105.6875,3685.9792,4106.2083,5283.3958,4332.722,4220.1208,3643.0874,4969.041,3430.3966,4809.906,5985.4224,2
2823.1146,2537.3229,2897.2083,2956.9688,3182.2604,2549.7083,2461.6771,1873.2528,1802.49,1914.824,2347.6167,2062.5813,1736.4391,1487.1196,2
1864.6354,1159.6146,1628.8889,1262.5833,1759.0,1623.3646,1444.6458,2461.8647,809.1139,1940.9081,815.5273,2157.8032,2623.7007,1791.2997,1
7095.9167,5905.0104,7168.625,6615.8021,6973.6979,6024.7813,6867.4583,5996.3691,6348.0352,7002.0219,6905.4376,6980.8449,6168.8012,7180.7067,1
1670.2396,2387.8021,1911.1979,2042.5417,1403.3021,1946.4167,1793.1042,1831.4168,2341.2159,1906.8389,1758.9361,1223.9838,2077.1823,2362.3948,3
4293.3333,4436.7292,4404.9271,3875.7604,4275.9896,4123.7188,4505.5521,6790.7708,5956.6351,8135.7019,5948.0199,7165.6206,7632.5644,6870.1935,1
4131.8889,3854.4583,3619.5833,3537.3646,4163.1354,3472.3021,3413.0417,2786.1007,2356.2878,2110.447,2048.5746,2674.6826,2791.6028,1597.5693,1
5326.0,4410.7813,4583.2917,4536.6667,4299.1667,5118.3333,5549.625,4614.4252,2824.0997,3496.7747,3100.3577,3075.1594,3354.3637,3529.0469,1
2152.4375,1452.7188,1513.8958,1841.0833,1513.9722,2248.6354,2542.5521,2851.0854,1566.6526,1737.913,2486.6831,1569.0909,2640.3426,2641.4766,1
1409.0208,1122.75,1271.5,1317.4063,1376.5521,2048.8646,1617.9479,1325.1825,675.8734,1037.0664,1027.9856,1167.5554,1941.3614,1203.4966,1
546.6528,999.25,797.6458,707.0729,715.1875,444.8021,434.5833,597.1356,1427.7186,863.6169,664.2347,891.2928,109.4019,86.738,1
1247.1042,1112.1563,1145.9792,957.2292,1343.1354,1675.2188,1674.375,1650.3043,1308.4965,1330.8773,1083.7024,1435.8147,1827.7161,2284.8721,1
1229.6979,785.5521,1097.1563,1108.8646,1460.2292,1119.9792,1744.7604,1636.7443,632.8501,1353.1238,1633.9483,2248.6748,1360.5039,2206.7287,1
1080.4063,988.4896,994.2188,902.7083,1202.8542,966.2917,805.2188,1023.1857,777.1008,699.3921,561.9878,1226.8391,783.791,470.5949,1
3352.5313,3605.7604,3154.9479,3388.9479,3040.5694,3472.6042,3175.6667,895.817,1522.0039,865.3274,823.3209,789.2039,906.7404,869.8506,1
3659.0833,2936.0,3308.8854,3013.9792,3315.9688,4523.2708,5028.6146,3466.9686,2753.6177,3943.1426,2977.2752,3077.4911,4245.7186,5067.7617,2
1872.3125,1655.4896,1571.3333,1799.4896,1989.7917,2318.6667,2200.0729,1647.9966,1133.3548,1047.059,1317.4614,1760.3653,1977.3486,1633.8333,1
4374.8229,3724.2708,3993.6563,4077.0208,4643.0104,3613.7813,4276.7188,3815.6665,3132.2743,3393.0128,3907.0403,3606.2996,2536.879,3678.2783,4
2229.2188,1635.75,1749.7083,2179.75,1769.4479,1741.4583,2060.3646,1972.349,1075.8693,1265.1741,1726.864,1100.9266,1302.3468,1937.6071,1
3146.7083,3628.7292,3778.5104,5489.3021,3855.8333,1832.1667,3031.3125,4785.7466,4874.4651,3546.3326,4987.4235,3965.1727,2171.8206,3879.4002,5
4047.6111,2561.0833,3463.125,3235.6146,3429.3438,4169.9479,3466.1042,4126.0214,2265.0647,2816.8318,2401.1576,2870.5662,3401.573,2809.7429,3
832.0625,723.6146,1331.0417,1887.9792,1843.5313,1739.0938,1811.5313,530.5782,402.4305,1009.8694,1452.3857,1938.1658,1266.0781,1963.5733,2
6745.3333,6534.7917,6627.4896,6499.875,6351.8646,8002.4583,6180.9375,4905.4479,4849.3371,4306.1776,3788.0062,4245.6109,6317.4252,4236.4381,3
5666.4583,4723.125,4222.625,4621.5,4893.3542,5315.1042,8273.0,4846.0446,3958.1686,3649.6873,3838.2537,3402.4717,4072.7276,7265.463,4
6905.1042,6712.8854,6524.9583,6145.3472,5881.8438,5860.1563,7141.7917,5503.373,6324.9283,5482.1803,4966.6067,5089.4177,5132.4718,7715.1662,4
7312.1667,6766.6042,6075.2778,6834.8125,7474.3646,5708.4583,5708.9896,6370.2127,5708.5491,5770.2738,5601.5617,6005.8008,3936.9632,3768.8196,4
5122.5104,4598.1563,4303.1667,4695.1458,4455.8646,4574.1667,3986.9479,6489.2412,5403.7054,5655.3407,5301.7573,5737.3388,6351.1197,4687.8407,4
10627.75,17157.4896,11418.125,10632.1042,6556.3229,11687.4479,11538.9063,11452.4138,18407.9028,12255.816,11701.8555,3785.2478,12767.3884,12317.6014,4
4814.8646,5300.4792,5398.3854,5548.1563,5042.75,5466.8021,4993.7917,2453.9956,2867.5651,3110.9332,3269.3571,3257.3335,4048.3799,3424.6311,4
5611.9375,7028.0521,7291.5208,6280.2222,5922.875,5761.1979,5674.875,3587.6572,6124.7858,6701.685,4663.4863,4655.9087,4611.4571,4413.1189,4
1304.4722,1311.875,1631.7813,1489.8229,1655.5104,1227.4583,1358.5729,790.1331,727.2256,1135.0507,1002.4426,1026.484,829.0782,872.9283,1
6270.9722,5579.6771,5743.8333,4717.875,4580.25,5058.7708,6708.7917,5351.4992,4172.909,5269.388,4999.8212,3143.5178,3891.5999,5900.0406,2
1110.5972,1468.1563,988.2188,1846.3854,1191.4583,879.4583,718.6354,2569.1535,2606.4881,1803.8964,3179.6397,2142.2579,1602.175,1323.9105,1
4764.3125,3851.0521,4679.7708,4053.1563,5346.1875,5381.3958,6316.7396,4799.3052,4222.3537,5364.3848,4257.6622,5317.8872,5376.6259,5543.3009,2
3085.8958,2467.3542,2937.8021,2699.2708,2910.3646,2497.6146,3370.5833,1460.3009,1271.724,1493.8031,1246.5539,1654.5681,1363.1152,1662.0644,2
1618.6354,1701.1944,1365.1771,1453.7917,1431.8542,1479.7292,2083.3958,1284.6624,1226.8367,791.5446,942.6664,1066.1124,1088.5142,1800.3506,4
1959.8125,1792.5625,1582.0625,2094.1354,2347.5521,2398.6458,1829.8854,2565.1559,2092.2364,2128.4967,2575.5068,3253.2495,2983.999,1948.2514,2
5559.2083,5010.0938,4432.7917,4702.9167,4912.5104,3797.2083,5045.25,3688.5469,2770.9694,2578.4729,2806.1933,2701.11,1424.6234,2936.7533,2
3644.625,3150.9063,3585.6458,3269.0313,3644.9896,3631.1875,3002.2604,6403.1788,5741.0024,5454.5077,5288.036,6664.7427,6889.815,6897.1016,2
3138.1771,3100.5833,2723.8542,3016.1563,2741.2292,2794.8542,3097.7917,1864.39,2023.7714,1495.0531,1969.8097,1908.3132,1457.9561,2697.3295,2
